-- Dumping structure for table harta_reciclarii.acl_model_has_permissions
DROP TABLE IF EXISTS `acl_model_has_permissions`;
CREATE TABLE IF NOT EXISTS `acl_model_has_permissions` (
                                                           `permission_id` bigint unsigned NOT NULL,
                                                           `model_type` varchar(255) COLLATE utf8mb4_general_ci NOT NULL,
    `model_id` bigint unsigned NOT NULL,
    PRIMARY KEY (`permission_id`,`model_id`,`model_type`),
    KEY `model_has_permissions_model_id_model_type_index` (`model_id`,`model_type`),
    CONSTRAINT `acl_model_has_permissions_permission_id_foreign` FOREIGN KEY (`permission_id`) REFERENCES `acl_permissions` (`id`) ON DELETE CASCADE
    ) ENGINE=InnoDB DEFAULT CHARSET=utf8mb4 COLLATE=utf8mb4_general_ci;

-- Data exporting was unselected.

-- Dumping structure for table harta_reciclarii.acl_model_has_roles
DROP TABLE IF EXISTS `acl_model_has_roles`;
CREATE TABLE IF NOT EXISTS `acl_model_has_roles` (
                                                     `role_id` bigint unsigned NOT NULL,
                                                     `model_type` varchar(255) COLLATE utf8mb4_general_ci NOT NULL,
    `model_id` bigint unsigned NOT NULL,
    PRIMARY KEY (`role_id`,`model_id`,`model_type`),
    KEY `model_has_roles_model_id_model_type_index` (`model_id`,`model_type`),
    CONSTRAINT `acl_model_has_roles_role_id_foreign` FOREIGN KEY (`role_id`) REFERENCES `acl_roles` (`id`) ON DELETE CASCADE
    ) ENGINE=InnoDB DEFAULT CHARSET=utf8mb4 COLLATE=utf8mb4_general_ci;

-- Data exporting was unselected.

-- Dumping structure for table harta_reciclarii.acl_permissions
DROP TABLE IF EXISTS `acl_permissions`;
CREATE TABLE IF NOT EXISTS `acl_permissions` (
                                                 `id` bigint unsigned NOT NULL AUTO_INCREMENT,
                                                 `name` varchar(255) COLLATE utf8mb4_general_ci NOT NULL,
    `guard_name` varchar(255) COLLATE utf8mb4_general_ci NOT NULL,
    `created_at` timestamp NULL DEFAULT NULL,
    `updated_at` timestamp NOT NULL DEFAULT CURRENT_TIMESTAMP ON UPDATE CURRENT_TIMESTAMP,
    PRIMARY KEY (`id`),
    UNIQUE KEY `acl_permissions_name_guard_name_unique` (`name`,`guard_name`)
    ) ENGINE=InnoDB AUTO_INCREMENT=1 DEFAULT CHARSET=utf8mb4 COLLATE=utf8mb4_general_ci;

-- Data exporting was unselected.

-- Dumping structure for table harta_reciclarii.acl_roles
DROP TABLE IF EXISTS `acl_roles`;
CREATE TABLE IF NOT EXISTS `acl_roles` (
                                           `id` bigint unsigned NOT NULL AUTO_INCREMENT,
                                           `name` varchar(255) COLLATE utf8mb4_general_ci NOT NULL,
    `guard_name` varchar(255) COLLATE utf8mb4_general_ci NOT NULL,
    `created_at` timestamp NULL DEFAULT NULL,
    `updated_at` timestamp NOT NULL DEFAULT CURRENT_TIMESTAMP ON UPDATE CURRENT_TIMESTAMP,
    PRIMARY KEY (`id`),
    UNIQUE KEY `acl_roles_name_guard_name_unique` (`name`,`guard_name`)
    ) ENGINE=InnoDB AUTO_INCREMENT=1 DEFAULT CHARSET=utf8mb4 COLLATE=utf8mb4_general_ci;

-- Data exporting was unselected.

-- Dumping structure for table harta_reciclarii.acl_role_has_permissions
DROP TABLE IF EXISTS `acl_role_has_permissions`;
CREATE TABLE IF NOT EXISTS `acl_role_has_permissions` (
                                                          `permission_id` bigint unsigned NOT NULL,
                                                          `role_id` bigint unsigned NOT NULL,
                                                          PRIMARY KEY (`permission_id`,`role_id`),
    KEY `acl_role_has_permissions_role_id_foreign` (`role_id`),
    CONSTRAINT `acl_role_has_permissions_permission_id_foreign` FOREIGN KEY (`permission_id`) REFERENCES `acl_permissions` (`id`) ON DELETE CASCADE,
    CONSTRAINT `acl_role_has_permissions_role_id_foreign` FOREIGN KEY (`role_id`) REFERENCES `acl_roles` (`id`) ON DELETE CASCADE
    ) ENGINE=InnoDB DEFAULT CHARSET=utf8mb4 COLLATE=utf8mb4_general_ci;

-- Data exporting was unselected.

-- Dumping structure for table harta_reciclarii.action_log
DROP TABLE IF EXISTS `action_log`;
CREATE TABLE IF NOT EXISTS `action_log` (
                                            `id` int NOT NULL AUTO_INCREMENT,
                                            `model` varchar(255) COLLATE utf8mb4_general_ci DEFAULT NULL,
    `model_id` int DEFAULT NULL,
    `user_id` int DEFAULT NULL,
    `action` varchar(255) COLLATE utf8mb4_general_ci DEFAULT NULL,
    `old_values` text COLLATE utf8mb4_general_ci,
    `new_values` text COLLATE utf8mb4_general_ci,
    `created_at` datetime DEFAULT NULL,
    `updated_at` datetime DEFAULT CURRENT_TIMESTAMP ON UPDATE CURRENT_TIMESTAMP,
    PRIMARY KEY (`id`)
    ) ENGINE=InnoDB AUTO_INCREMENT=1 DEFAULT CHARSET=utf8mb4 COLLATE=utf8mb4_general_ci;

-- Data exporting was unselected.

-- Dumping structure for table harta_reciclarii.failed_jobs
DROP TABLE IF EXISTS `failed_jobs`;
CREATE TABLE IF NOT EXISTS `failed_jobs` (
                                             `id` bigint unsigned NOT NULL AUTO_INCREMENT,
                                             `uuid` varchar(255) COLLATE utf8mb4_general_ci NOT NULL,
    `connection` text COLLATE utf8mb4_general_ci NOT NULL,
    `queue` text COLLATE utf8mb4_general_ci NOT NULL,
    `payload` longtext COLLATE utf8mb4_general_ci NOT NULL,
    `exception` longtext COLLATE utf8mb4_general_ci NOT NULL,
    `failed_at` timestamp NOT NULL DEFAULT CURRENT_TIMESTAMP,
    PRIMARY KEY (`id`),
    UNIQUE KEY `failed_jobs_uuid_unique` (`uuid`)
    ) ENGINE=InnoDB DEFAULT CHARSET=utf8mb4 COLLATE=utf8mb4_general_ci;

-- Data exporting was unselected.

-- Dumping structure for table harta_reciclarii.field_types
DROP TABLE IF EXISTS `field_types`;
CREATE TABLE IF NOT EXISTS `field_types` (
                                             `id` int unsigned NOT NULL AUTO_INCREMENT,
                                             `field_name` varchar(256) COLLATE utf8mb4_unicode_ci NOT NULL,
    `display_name` varchar(512) COLLATE utf8mb4_unicode_ci NOT NULL,
    `display_to_user` tinyint(1) NOT NULL DEFAULT '1',
    `icon` varchar(191) COLLATE utf8mb4_unicode_ci DEFAULT NULL,
    `field_type` enum('detail_text','navigation_link','boolean_value','web_link','tel_link','email_link','schedule') COLLATE utf8mb4_unicode_ci NOT NULL DEFAULT 'detail_text',
    `created_at` timestamp NULL DEFAULT NULL,
    `updated_at` timestamp NOT NULL DEFAULT CURRENT_TIMESTAMP ON UPDATE CURRENT_TIMESTAMP,
    PRIMARY KEY (`id`)
    ) ENGINE=InnoDB AUTO_INCREMENT=1 DEFAULT CHARSET=utf8mb4 COLLATE=utf8mb4_unicode_ci;

-- Dumping data for table harta_reciclarii.field_types: ~15 rows (approximately)
INSERT INTO `field_types` (`id`, `field_name`, `display_name`, `display_to_user`, `icon`, `field_type`, `created_at`, `updated_at`) VALUES
(1, 'city', 'Localitatea', 1, '/assets/map_icons/info_panel/info_recic.svg', 'detail_text', NULL, NULL),
(2, 'county', 'Judetul', 1, '/assets/map_icons/info_panel/info_recic.svg', 'detail_text', NULL, NULL),
(3, 'managed_by', 'Nume Firma', 1, '/assets/map_icons/info_panel/info_recic.svg', 'detail_text', NULL, NULL),
(4, 'address', 'Adresa', 1, '/assets/map_icons/info_panel/info_loc.svg', 'navigation_link', NULL, NULL),
(5, 'offers_money', 'Ofera bani', 1, '/assets/map_icons/info_panel/info_recic.svg', 'boolean_value', NULL, NULL),
(6, 'offers_transport', 'Ofera transport', 1, '/assets/map_icons/info_panel/info_recic.svg', 'boolean_value', NULL, NULL),
(7, 'opening_hours', 'Orar', 1, '/assets/map_icons/info_panel/info_orar.svg', 'schedule', NULL, NULL),
(8, 'email', 'Email', 1, '/assets/map_icons/info_panel/info_recic.svg', 'email_link', NULL, NULL),
(9, 'website', 'Website', 1, '/assets/map_icons/info_panel/info_web.svg', 'web_link', NULL, NULL),
(10, 'notes', 'Alte Observatii', 1, '/assets/map_icons/info_panel/info_obser.svg', 'detail_text', NULL, NULL),
(11, 'no_address', 'Fara adresa', 1, '/assets/map_icons/info_panel/info_recic.svg', 'boolean_value', NULL, NULL),
(12, 'phone_no', 'Numar telefon', 1, NULL, 'detail_text', NULL, NULL),
(13, 'location_private_notes', 'Notite localizare (private)', 0, '/assets/map_icons/info_panel/info_recic.svg', 'detail_text', NULL, NULL),
(14, 'offers_voucher', 'Ofera voucher', 1, '/assets/map_icons/info_panel/info_recic.svg', 'boolean_value', NULL, NULL),
(15, 'servicii_gratis', 'Servicii gratis', 1, '/assets/map_icons/info_panel/info_recic.svg', 'boolean_value', NULL, NULL);

-- Dumping structure for table harta_reciclarii.field_type_recycling_point
DROP TABLE IF EXISTS `field_type_recycling_point`;
CREATE TABLE IF NOT EXISTS `field_type_recycling_point` (
                                                            `id` int unsigned NOT NULL AUTO_INCREMENT,
                                                            `field_type_id` int unsigned NOT NULL,
                                                            `recycling_point_id` int unsigned NOT NULL,
                                                            `value` text COLLATE utf8mb4_unicode_ci,
                                                            `upvotes` int NOT NULL DEFAULT '0',
                                                            `downvotes` int NOT NULL DEFAULT '0',
                                                            `created_at` timestamp NULL DEFAULT NULL,
                                                            `updated_at` timestamp NOT NULL DEFAULT CURRENT_TIMESTAMP ON UPDATE CURRENT_TIMESTAMP,
                                                            PRIMARY KEY (`id`),
    KEY `field_type_idx` (`field_type_id`),
    KEY `recycling_point_idx` (`recycling_point_id`),
    CONSTRAINT `field_type_recycling_point_field_type_id_foreign` FOREIGN KEY (`field_type_id`) REFERENCES `field_types` (`id`) ON DELETE CASCADE
    ) ENGINE=InnoDB AUTO_INCREMENT=1 DEFAULT CHARSET=utf8mb4 COLLATE=utf8mb4_unicode_ci;

INSERT INTO `field_type_recycling_point` (`id`, `field_type_id`, `recycling_point_id`, `value`, `upvotes`, `downvotes`, `created_at`, `updated_at`) VALUES
(1, 1, 1, 'Pitesti', 0, 0, '2019-05-13 16:31:35', '2019-05-13 16:31:35'),
(2, 2, 1, 'Arges', 0, 0, '2019-05-13 16:31:35', '2019-05-13 16:31:35'),
(3, 3, 1, 'Administat de TOP COLECT RECYCLING SRL', 0, 0, '2019-05-13 16:31:35', '2019-05-13 16:31:35'),
(5, 5, 1, 'DA', 0, 0, '2019-05-13 16:31:35', '2019-05-13 16:31:35'),
(6, 6, 1, 'DA', 0, 0, '2019-05-13 16:31:35', '2019-05-13 16:31:35'),
(7, 8, 1, 'otilia.zamfir@yahoo.com', 0, 0, '2019-05-13 16:31:35', '2019-05-13 16:31:35'),
(8, 9, 1, '', 0, 0, '2019-05-13 16:31:35', '2019-05-13 16:31:35'),
(17, 1, 3, 'Iasi', 0, 0, '2019-05-13 16:31:35', '2019-05-13 16:31:35'),
(18, 2, 3, 'Iasi', 0, 0, '2019-05-13 16:31:35', '2019-05-13 16:31:35'),
(19, 3, 3, 'Administrat de Salubris_centrul 1', 0, 0, '2019-05-13 16:31:35', '2019-05-13 16:31:35'),
(21, 5, 3, 'NU', 0, 0, '2019-05-13 16:31:35', '2019-05-13 16:31:35'),
(22, 6, 3, 'DA', 0, 0, '2019-05-13 16:31:35', '2019-05-13 16:31:35'),
(23, 8, 3, '', 0, 0, '2019-05-13 16:31:35', '2019-05-13 16:31:35'),
(24, 9, 3, '', 0, 0, '2019-05-13 16:31:35', '2019-05-13 16:31:35'),
(25, 1, 4, 'Iasi', 0, 0, '2019-05-13 16:31:35', '2019-05-13 16:31:35'),
(26, 2, 4, 'Iasi', 0, 0, '2019-05-13 16:31:35', '2019-05-13 16:31:35'),
(27, 3, 4, 'Administrat de Salubris_centrul 2', 0, 0, '2019-05-13 16:31:35', '2019-05-13 16:31:35'),
(29, 5, 4, 'NU', 0, 0, '2019-05-13 16:31:35', '2019-05-13 16:31:35'),
(30, 6, 4, 'DA', 0, 0, '2019-05-13 16:31:35', '2019-05-13 16:31:35'),
(31, 8, 4, '', 0, 0, '2019-05-13 16:31:35', '2019-05-13 16:31:35'),
(32, 9, 4, '', 0, 0, '2019-05-13 16:31:35', '2019-05-13 16:31:35'),
(33, 1, 5, 'Iasi', 0, 0, '2019-05-13 16:31:35', '2019-05-13 16:31:35'),
(34, 2, 5, 'Iasi', 0, 0, '2019-05-13 16:31:35', '2019-05-13 16:31:35'),
(35, 3, 5, 'Administrat de Salubris_centrul 3', 0, 0, '2019-05-13 16:31:35', '2019-05-13 16:31:35'),
(37, 5, 5, 'NU', 0, 0, '2019-05-13 16:31:35', '2019-05-13 16:31:35'),
(38, 6, 5, 'DA', 0, 0, '2019-05-13 16:31:35', '2019-05-13 16:31:35'),
(39, 8, 5, '', 0, 0, '2019-05-13 16:31:35', '2019-05-13 16:31:35'),
(40, 9, 5, '', 0, 0, '2019-05-13 16:31:35', '2019-05-13 16:31:35'),
(41, 1, 6, 'Iasi', 0, 0, '2019-05-13 16:31:35', '2019-05-13 16:31:35'),
(42, 2, 6, 'Iasi', 0, 0, '2019-05-13 16:31:35', '2019-05-13 16:31:35'),
(43, 3, 6, 'Administrat de Salubris_centrul 4', 0, 0, '2019-05-13 16:31:35', '2019-05-13 16:31:35'),
(45, 5, 6, 'NU', 0, 0, '2019-05-13 16:31:35', '2019-05-13 16:31:35'),
(46, 6, 6, 'DA', 0, 0, '2019-05-13 16:31:35', '2019-05-13 16:31:35'),
(47, 8, 6, '', 0, 0, '2019-05-13 16:31:35', '2019-05-13 16:31:35'),
(48, 9, 6, '', 0, 0, '2019-05-13 16:31:35', '2019-05-13 16:31:35'),
(49, 1, 7, 'Iasi', 0, 0, '2019-05-13 16:31:35', '2019-05-13 16:31:35'),
(50, 2, 7, 'Iasi', 0, 0, '2019-05-13 16:31:35', '2019-05-13 16:31:35'),
(51, 3, 7, 'Administrat de Salubris_centrul 5', 0, 0, '2019-05-13 16:31:35', '2019-05-13 16:31:35'),
(53, 5, 7, 'NU', 0, 0, '2019-05-13 16:31:35', '2019-05-13 16:31:35'),
(54, 6, 7, 'DA', 0, 0, '2019-05-13 16:31:35', '2019-05-13 16:31:35'),
(55, 8, 7, '', 0, 0, '2019-05-13 16:31:35', '2019-05-13 16:31:35'),
(56, 9, 7, '', 0, 0, '2019-05-13 16:31:35', '2019-05-13 16:31:35'),
(57, 1, 8, 'Iasi', 0, 0, '2019-05-13 16:31:35', '2019-05-13 16:31:35'),
(58, 2, 8, 'Iasi', 0, 0, '2019-05-13 16:31:35', '2019-05-13 16:31:35'),
(59, 3, 8, 'Administrat de Salubris_centrul 6', 0, 0, '2019-05-13 16:31:35', '2019-05-13 16:31:35'),
(61, 5, 8, 'NU', 0, 0, '2019-05-13 16:31:35', '2019-05-13 16:31:35'),
(62, 6, 8, 'DA', 0, 0, '2019-05-13 16:31:35', '2019-05-13 16:31:35'),
(63, 8, 8, '', 0, 0, '2019-05-13 16:31:35', '2019-05-13 16:31:35'),
(64, 9, 8, '', 0, 0, '2019-05-13 16:31:35', '2019-05-13 16:31:35'),
(73, 1, 10, 'Bradu', 0, 0, '2019-05-13 16:31:35', '2019-05-13 16:31:35'),
(74, 2, 10, 'Arges', 0, 0, '2019-05-13 16:31:35', '2019-05-13 16:31:35'),
(75, 3, 10, 'Administrat de ELECTRO GHETAS SRL', 0, 0, '2019-05-13 16:31:35', '2019-05-13 16:31:35'),
(77, 5, 10, 'NU', 0, 0, '2019-05-13 16:31:35', '2019-05-13 16:31:35'),
(78, 6, 10, 'DA', 0, 0, '2019-05-13 16:31:35', '2019-05-13 16:31:35'),
(79, 8, 10, 'electro.ghetas@gmail.com', 0, 0, '2019-05-13 16:31:35', '2019-05-13 16:31:35'),
(80, 9, 10, '', 0, 0, '2019-05-13 16:31:35', '2019-05-13 16:31:35'),
(81, 1, 11, 'Tulcea', 0, 0, '2019-05-13 16:31:35', '2019-05-13 16:31:35'),
(82, 2, 11, 'Tulcea', 0, 0, '2019-05-13 16:31:35', '2019-05-13 16:31:35'),
(83, 3, 11, 'Administrat de SC. JT GRUP SRL', 0, 0, '2019-05-13 16:31:35', '2019-05-13 16:31:35'),
(85, 5, 11, 'DA', 0, 0, '2019-05-13 16:31:35', '2019-05-13 16:31:35'),
(86, 6, 11, 'DA', 0, 0, '2019-05-13 16:31:35', '2019-05-13 16:31:35'),
(87, 8, 11, 'salubrizare@jtgrup.ro', 0, 0, '2019-05-13 16:31:35', '2019-05-13 16:31:35'),
(88, 9, 11, 'www.jtgrup.ro', 0, 0, '2019-05-13 16:31:35', '2019-05-13 16:31:35');
-- Dumping structure for table harta_reciclarii.filterable_field_types
DROP TABLE IF EXISTS `filterable_field_types`;
CREATE TABLE IF NOT EXISTS `filterable_field_types` (
                                                        `id` int NOT NULL AUTO_INCREMENT,
                                                        `service_id` int NOT NULL,
                                                        `field_type_id` int NOT NULL,
                                                        `created_at` timestamp NULL DEFAULT NULL,
                                                        `updated_at` timestamp NOT NULL DEFAULT CURRENT_TIMESTAMP ON UPDATE CURRENT_TIMESTAMP,
                                                        PRIMARY KEY (`id`),
    KEY `filterable_field_types_service_id_field_type_id_index` (`service_id`,`field_type_id`)
    ) ENGINE=InnoDB AUTO_INCREMENT=1 DEFAULT CHARSET=utf8mb4 COLLATE=utf8mb4_general_ci;

-- Dumping data for table harta_reciclarii.filterable_field_types: ~4 rows (approximately)
INSERT INTO `filterable_field_types` (`id`, `service_id`, `field_type_id`, `created_at`, `updated_at`) VALUES
(1, 1, 5, '2023-10-19 08:49:50', '2023-10-19 08:49:51'),
(2, 1, 6, '2023-10-19 08:49:50', '2023-10-19 08:49:51'),
(3, 1, 14, '2023-10-19 08:49:50', '2023-10-19 08:49:51'),
(4, 2, 15, '2023-10-19 08:49:50', '2023-10-19 08:49:51');

-- Dumping structure for table harta_reciclarii.imports
DROP TABLE IF EXISTS `imports`;
CREATE TABLE IF NOT EXISTS `imports` (
                                         `id` int NOT NULL AUTO_INCREMENT,
                                         `file` varchar(255) CHARACTER SET utf8mb3 COLLATE utf8mb3_general_ci DEFAULT NULL,
    `type` varchar(255) COLLATE utf8mb4_general_ci DEFAULT 'map_point',
    `status` int DEFAULT '0',
    `result` text COLLATE utf8mb4_general_ci,
    `created_by` varchar(100) COLLATE utf8mb4_general_ci DEFAULT NULL,
    `created_at` timestamp NULL DEFAULT NULL,
    `updated_at` timestamp NOT NULL DEFAULT CURRENT_TIMESTAMP ON UPDATE CURRENT_TIMESTAMP,
    `started_at` timestamp NULL DEFAULT NULL,
    `finished_at` timestamp NULL DEFAULT NULL,
    PRIMARY KEY (`id`)
    ) ENGINE=InnoDB AUTO_INCREMENT=1 DEFAULT CHARSET=utf8mb4 COLLATE=utf8mb4_general_ci;

-- Data exporting was unselected.

-- Dumping structure for table harta_reciclarii.judete_geo
DROP TABLE IF EXISTS `judete_geo`;
CREATE TABLE IF NOT EXISTS `judete_geo` (
                                            `id` int unsigned NOT NULL AUTO_INCREMENT,
                                            `name` varchar(191) COLLATE utf8mb4_unicode_ci NOT NULL,
    `pol` polygon NOT NULL,
    PRIMARY KEY (`id`)
    ) ENGINE=InnoDB AUTO_INCREMENT=1 DEFAULT CHARSET=utf8mb4 COLLATE=utf8mb4_unicode_ci;

-- Dumping data for table harta_reciclarii.judete_geo: ~42 rows (approximately)
INSERT INTO `judete_geo` (`id`, `name`, `pol`) VALUES
(4, 'București', _binary 0x0000000001030000000100000007000000e3a6069acf193a405439ed293945464047ffcbb5681d3a40874f3a91603e4640b0ac342905393a404a29e8f69236464045bde0d39c1c3a402fe1d05b3c2e46409351651877f73940ff04172b6a384640f701486de2fc394090dac4c9fd3e4640e3a6069acf193a405439ed2939454640),
(5, 'Galați', _binary 0x000000000103000000010000001e000000a9a27895b51d3c4088d68a36c70d47402672c119fc153c409c3061342b014740c87a6af5d5213c402dee3f321df046408b6b7c26fb1b3c406877483140ea464031992a18952c3c4060234910aed2464009c4ebfa05273c40dee4b7e864c946401dc87a6af5353c40b58afed0ccbb46409be7887c972e3c40bebc00fbe8b44640f513ce6e2d133c409291b3b0a7b746401ea5129ed0073c408ba6b393c1b34640c37de4d6a4fb3b40a6b4fe9600b246409e45ef54c0bd3b408028983105b54640f607ca6dfb8e3b4063d009a183be4640111956f146863b40b2a19bfd81c24640de73603942823b40501c40bfefcf464023bbd23252673b402dcdad1056d74640b9a7ab3b165b3b40d80b056c07df464015580053063e3b40e9482eff21f94640d943fb58c13b3b40efffe38409054740de770c8ffd483b40d4f36e2c280a47407b681f2bf86d3b403f53af5b040c4740ffec478ac8803b40b1a371a8df114740f9bd4d7ff6833b40d55e44db31074740dac534d3bd9a3b40c710001c7b02474041f2cea10c993b4071ff91e9d01147401ea7e8482ec33b402b3410cb66104740909e228788cb3b4043e73576890c4740105d50df32df3b4060066344a2124740dba4a2b1f6fb3b404012f6ed240e4740a9a27895b51d3c4088d68a36c70d4740),
(6, 'Gorj', _binary 0x000000000103000000010000001e000000c18bbe8234973740a5daa7e331ad46406adb300a82af37407e552e54fea946401e19abcdffcb3740e7374c3448ad46400ef3e505d8cb3740acc43c2b69a14640c5ff1d51a1da37402524d236fe94464092e9d0e979d33740be175fb4c7894640747d1f0e12c2374030bc92e4b98046404b22fb20cbc23740a19dd32cd07246405665df15c1cb374007b5dfda89684640904c874ecfc737403830b951645b46408bfb8f4c87b63740876a4ab20e5b464032022a1c41b23740267156444d4c46401d1d5723bb963740c98e8d40bc4e46401346b3b27d743740a1d79fc4e748464055336b292061374047e5266a69504640a52e19c7484637406f9eea909b5546407a6f0c01c01d37402b31cf4a5a5746408c683ba6eefe3640ea5e27f565634640670b08ad87ef3640c74961dee3664640af44a0fa07dd364060747973b87e464006bb61dba2c43640586fd40ad3874640f357c85c19a83640c712d6c6d88d4640ed7f80b56a8f3640198d7c5ef1944640e8d84125aeaf364051a4fb3905a146406a4e5e6402d63640513239b533a44640a7cb6262f301374008e3a7716fa046401d1f2dce184a3740e6eb32fca7a74640505260014c613740003620425cab4640cf6bec12d57337400395f1ef33a64640c18bbe8234973740a5daa7e331ad4640),
(7, 'Argeș', _binary 0x0000000001030000000100000020000000b8ea3a545352394029b4acfbc7b0464086e5cfb7054b3940f3583332c89d46404b051555bf3a39409baa7b6473954640287cb60e0e263940c8b60c384b9146402577d8446632394058cb9d99608246403a77bb5e9a2a394048c153c89576464064ae0caa0d36394006d49b51f3614640d7db662ac42f39401233fb3c465b4640328e91ec113639401bbb44f5d64e4640dcf63deaaf473940ed815660c83c46407079ac19193c3940026729594e3646403c1570cff3333940c26a2c616d3a46408a1ef818ac103940904fc8cedb32464090bfb4a84fe238403ee8d9acfa30464008e753c72ac1384029cde671183246406a882afc19be3840d9976c3cd84446407e1ea33cf3ae3840b72407ec6a5e4640d6fd63213a983840f5108dee20604640db4c857824923840e3fbe252956846403e7617282970384026378aac356c4640032670eb6e7a38405c59a2b3cc724640a6d24f38bb7d3840a034d428248d4640cadfbda3c6843840aad72d0263914640f48c7dc9c677384043588d25ac9d4640027ff8f9ef7d38408d9aaf928fa34640ada3aa09a27a3840baa46abb09b84640fa5e43705c86384008cbd8d0cdbc4640da53724eec853840a7e7dd5850ca46403e0455a357af3840465d6bef53cd46400a4b3ca06c1a3940c5ad8218e8ca46407a1a3048fa4c3940fbeaaa402db64640b8ea3a545352394029b4acfbc7b04640),
(8, 'Brăila', _binary 0x000000000103000000010000001f0000001ea5129ed0073c408ba6b393c1b346401f680586acfe3b40b66ad784b4a446402c8194d8b51d3c40f16778b306a1464017d7f84cf6173c40103d29931a9846402f6d382c0d2c3c40c4961e4df59246408d63247b84223c40b81d1a16a38c46402383dc4598263c4094da8b683b7c464021037976f9123c40d28f8653e6664640425f7afb73093c406c09f9a067614640cdab3aab05f23b40317e1af7e6634640f52f49658ae13b403c670b08ad6146402639605793d33b4094de37bef6684640cdb051d66fba3b404f0306499f66464026c808a870b83b40a9f8bf232a6246402b172aff5a8a3b403944dc9c4a644640c24d469561683b40d769a4a5f262464005a2276552573b40dbf97e6abc664640dd408177f2413b4035f0a31af65f464054c8957a16343b401b81785dbf6446401f477364e5473b408869dfdc5f7f464000adf9f197323b400da9a278958346407288b83995343b403752b648da8b4640f2d1e28c61263b408c48145ad6954640ba8784effd353b40adc090d5ad9c4640f0a5f0a0d9553b4079b29b19fd9a464085e97b0dc1513b40dac9e02879a14640336dffca4a6f3b400f0ef62686b24640f607ca6dfb8e3b4063d009a183be46409e45ef54c0bd3b408028983105b54640c37de4d6a4fb3b40a6b4fe9600b246401ea5129ed0073c408ba6b393c1b34640),
(9, 'Brașov', _binary 0x000000000103000000010000002200000069739cdb84733940111c9771530d4740739f1c05888a3940ee26f8a6e9fd4640a54bff92548a3940a915a6ef35f84640871403249a9c39404391eee714ea464037fdd98f14ad39405e82531f48e246402657b1f84dd53940ac72a1f2afdf4640c2137afd49dc3940f71f990e9dda4640c901bb9a3cf939400c923eada2d746404aecdade6e053a409294f430b4ce4640d6011077f5163a40136058fe7cc94640de57e542e5173a40779e78ce16c24640a391cf2b9e123a40fe9b1727bec046401d3a3defc6fe39400ef3e505d8c14640020ea14acdce3940a9a10dc006bc464087c5a86bedb939409d9d0c8e92bb4640158bdf1456ae394001a260c614c04640e4f736fdd97339405af2785a7eb846402fde8fdb2f6739404e64e60297b14640b8ea3a545352394029b4acfbc7b046407a1a3048fa4c3940fbeaaa402db646400a4b3ca06c1a3940c5ad8218e8ca46403e0455a357af3840465d6bef53cd4640147afd497cae38405f419ab168da4640056d72f8a4a3384011a62897c6e546401096b1a19bb53840d40fea2285e846404243ff0417b73840d49ae61da7f24640c85d8429cad138409160aa99b500474042ee224c51f2384043aed4b3200a4740a69a594b01053940ef703b342c124740f0c16b973620394042b456b43912474055de8e705a2c39402330d637301547404caab69be03f3940f91400e319124740f03504c765543940a626c11bd216474069739cdb84733940111c9771530d4740),
(10, 'Călărași', _binary 0x00000000010300000001000000210000008368ad6873043c406af816d68d2b4640a5bdc11726f33b40a6608db3e9204640ad307daf21d43b40753e3c4b901f464066dd3f16a2bb3b40a33d5e4887194640315d88d51fa13b40f3cb608c481a4640c0b2d2a414743b4010035dfb02104640569e40d8294e3b407a008bfcfa114640c992399677453b4060e4654d2c104640cb113290672f3b404563edef6c0f46402997c62fbc0a3b4040fa264d831246403541d47d00e63a40b5705985cd1046405854c4e924c73a40c9e6aa798e0a46409c6a2dcc426f3a4016855d143d0446401e15ff7744613a40b3ef8ae07f05464032c9c859d85b3a40b6a1629cbf0d464093c6681d556d3a40afe94141291446400b0a83328d423a40f6285c8fc225464028d6a9f23d4f3a407b1002f2253246404835ecf7c4663a40d95f764f1e384640c3d84290836a3a40be310400c74246402d26361fd77a3a4015c78157cb4946406ec2bd326f993a40fa0b3d62f44246408c6a11514cae3a4055c2137afd47464008e9297288e43a40efe53e390a4246404969368fc3f83a40327216f6b44346409a27d714c8343b40f70489edee3d4640467c2766bd843b4030682101a33f46402101a3cb9ba33b40cd3cb9a6403c46404e2a1a6b7fa73b4004caa65ce1354640de3cd52137bb3b40e6eb32fca7354640c9b08a3732c33b40344c6da9832c4640a33f34f3e4da3b40fd2d01f8a73046408368ad6873043c406af816d68d2b4640),
(11, 'Botoșani', _binary 0x00000000010300000001000000200000002fc4ea8f30643b40c53d963e74cb4740aa45443179433b400341800c1dc9474039b9dfa128343b40f777b6476fc2474087fa5dd89a193b40b3edb43522c647402dce18e604153b4012f8c3cf7fbb4740844a5cc7b80a3b401d1f2dce18b847408b321b6492fd3a404da088450cbf4740cee0ef17b3c93a407fbdc282fbbf47408b6d52d158b33a4093c9a99d61bc4740ab92c83ec8963a40ce50dcf126bb4740274badf71b953a40e9f17b9bfec44740db696b4430723a402504abeae5dd47403332c85d84513a40bff2203d45e847402fc03e3a754d3a40b7442e3883ed4740505260014c193a409966bad749fd47404146408523303a400a65e1eb6bff474048dfa46950443a4021753bfbca094840f56915fda1553a40e9d2bf24951748405dfa97a432753a40b3d2a414741b4840f2ea1c03b2873a40c3f4bd86e01a484021020ea14aa53a408411fb0450204840e8f4bc1b0bda3a40b1dd3d40f71d48407216f6b4c3f73a4055a35703941048402f4fe78a520a3b405bb4006dab0d484059c345eee9163b4045bb0a293f014840bbd05ca791223b403e7ac37de4fe47409bc8cc052e333b406214048f6ff3474008228b34f1363b40cb129d6516e94740c8091346b34a3b4037a8fdd64ee0474095b7239c16443b40e15d2ee23bdb474077a38ff980503b40da756f4562d247402fc4ea8f30643b40c53d963e74cb4740),
(12, 'Bistrița-Năsăud', _binary 0x000000000103000000010000002000000009c1aa7af9f53840130ce71a66cc474097fe25a94c0d394099f04bfdbcc74740f9da334b0218394005fc1a4982c04740452e3883bf033940eb0088bb7ab74740be86e0b88c13394056b60f79cba74740406ce9d1540b3940dffab0dea89b4740950ed6ff39103940d99596917a914740bd1aa034d404394057975302628e4740ddb5847cd0df38405e4a5d328e8d4740d4bb783f6ecb38409e9acb0d8686474044696ff085b53840ff0758ab7673474053e751f17fa3384079b29b19fd7847406d57e8836588384062122ee4117447405323f433f586384054a703594f6d4740e659492bbe653840401878ee3d604740dc4944f8174d384030f1475167604740c214e5d2f82d3840d061bebc00674740422619390b373840b0c6d974047447407fbe2d58aa1b38406eddcd531d7e4740e8bf07af5d223840804a95287b89474037ddb243fc033840b2f1608bdd964740320400c79ef53740483140a2099647403c855ca967ed3740f70489edeea54740ef2076a6d0053840873254c554ae474024b891b2451a3840787b1002f2b5474029780ab952273840b83b6bb75dc047401afcfd62b63c3840a75d4c33ddbf4740f39194f4306438405ed6c4025fcd4740b763eaaeeca6384078d4981073c74740c8ec2c7aa7ce384049d8b79388c847402c2d23f59ed238401d1f2dce18cc474009c1aa7af9f53840130ce71a66cc4740),
(13, 'Constanța', _binary 0x000000000103000000010000002b00000064c91ccbbbfe3c40a06f0b96ea564640ed647094bcde3c40a20c553195424640ea5dbc1fb7a33c400c0742b28029464074b33f506e9f3c40815f234910204640a8fc6b79e5a63c40df6a9db81c1b4640c93b873254a53c4096ecd808c4054640f19c2d20b4aa3c405f5feb5223fe45401c615111a7973c4036936fb6b9eb4540b32781cd39943c405e30b8e68ede45408ac8b08a37723c409a982ec4eadd4540e57adb4c853c3c40bf64e3c116e1454063d009a183fe3b400262122ee4eb45409b58e02bbaf13b400b630b410efe4540a29a92acc3b53b40a9c29fe1cdfa4540bf9a030473ac3b40e272bc02d1034640d49ae61da79c3b4027a1f4859001464062ba10ab3f663b4001fbe8d49501464007b5dfda894a3b403d7e6fd39f094640c992399677453b4060e4654d2c104640569e40d8294e3b407a008bfcfa114640c0b2d2a414743b4010035dfb02104640315d88d51fa13b40f3cb608c481a464066dd3f16a2bb3b40a33d5e4887194640ad307daf21d43b40753e3c4b901f4640a5bdc11726f33b40a6608db3e92046408368ad6873043c406af816d68d2b46400ff0a485cb1a3c405f97e13fdd364640936e4be482033c40724d81ccce4a4640a2b60da320083c40adf6b0170a5046404225ae635ce13b40b5705985cd5a4640f52f49658ae13b403c670b08ad614640cdab3aab05f23b40317e1af7e6634640425f7afb73093c406c09f9a06761464021037976f9123c40d28f8653e6664640f27d71a94a273c4026c808a870664640992842ea762e3c401d041dad6a614640eb3a5453925d3c4056babbce86584640228b34f10e6c3c404b732b84d54e464060c9552c7e773c40567e198c115346406ac020e9d3ae3c401553e9279c554640744694f606d33c4014d044d8f0504640780c8ffd2cee3c40053411363c59464064c91ccbbbfe3c40a06f0b96ea564640),
(14, 'Covasna', _binary 0x000000000103000000010000001b000000d253e41071433a40909e2287881f4740c097c28366533a40e4f8a1d2881d474011fddafae9573a4038876bb587114740ca880b40a3703a40bb09be69fa04474084ba48a12c603a406954e0641bf4464099ba2bbb60643a40cd920035b5e6464002d369dd06553a40c03fa54a94d7464088bd50c076543a40bf45274badd14640077de9edcf253a40c328081edfca4640de57e542e5173a40779e78ce16c24640d6011077f5163a40136058fe7cc946404aecdade6e053a409294f430b4ce4640c901bb9a3cf939400c923eada2d74640c2137afd49dc3940f71f990e9dda46402657b1f84dd53940ac72a1f2afdf464037fdd98f14ad39405e82531f48e24640871403249a9c39404391eee714ea4640a54bff92548a3940a915a6ef35f84640739f1c05888a3940ee26f8a6e9fd464069739cdb84733940111c9771530d474036e50aef728139408330b77bb9174740bc033c69e1b23940b130444e5f2347400e863aac70db3940365a0ef4500f4740309e4143ff043a40c119fcfd62104740a98427f4fa0f3a40151c5e10911447408369183e222a3a403201bf4692144740d253e41071433a40909e2287881f4740),
(15, 'Harghita', _binary 0x000000000103000000010000002c0000002f8672a25da939409a249694bb8b4740b39602d2febb3940d1eb4fe273894740185b087250ce3940f2423a3c847b47401c7920b248c33940f72004e44b6c474040be840a0ecf3940cc7f48bf7d654740b8e52329e9cd3940f23ff9bb775a4740ed444948a4f93940e44a3d0b42594740e6e5b0fb8efd3940cb4dd4d2dc4e47406494675e0e133a40d2ab014a434347408acc5ce0f2043a40c7a01342073f4740e86a2bf697013a40e7e104a6d3344740284701a2602a3a404b7842af3f31474047e6913f18283a40bda772da53284740029eb47059453a406aa510c8252c4740d253e41071433a40909e2287881f47408369183e222a3a403201bf4692144740a98427f4fa0f3a40151c5e1091144740309e4143ff043a40c119fcfd621047400e863aac70db3940365a0ef4500f4740bc033c69e1b23940b130444e5f23474036e50aef728139408330b77bb917474069739cdb84733940111c9771530d4740f03504c765543940a626c11bd21647404caab69be03f3940f91400e31912474055de8e705a2c39402330d63730154740ca32c4b12e1a39406077baf3c41d47402106baf605f03840881057cede1f474037c478cdabde38401059a48977264740376e313f37dc3840a6f0a0d9752d47400bd0b69a75f638401aa3755435394740ae122c0e67063940abe80fcd3c3d474074b2d47abf053940e27492ad2e45474081eb8a19e12d3940e199d024b14c47401618b2bad5473940a52f849cf755474086713788d64239409e0ab8e7f95f4740b87361a417493940cc608c48146647401442075dc241394039d1ae42ca6d4740b81ff0c0004a394000ae64c7467c4740807f4a95283f39404f95ef19898c4740be1248895d4b3940fa25e2adf3934740ab7b6473d56c394002124da088974740b34291eee77439403d98141f9f924740bedc2747019a39401956f146e68947402f8672a25da939409a249694bb8b4740),
(16, 'Vaslui', _binary 0x000000000103000000010000001e0000001e4fcb0f5c1d3c403d450e11376b47409c33a2b4373c3c40077b1343725647402a745e6397403c407214200a664e4740158e209562373c409b20ea3e00454740371b2b31cf423c40632992af043847403866d993c0323c4029780ab9522f4740feef880ad5313c404ef2237ec52647402481069b3a1b3c401a31b3cf631c4740dcba9ba73a243c407c0f971c77184740a9a27895b51d3c4088d68a36c70d4740dba4a2b1f6fb3b404012f6ed240e4740105d50df32df3b4060066344a2124740909e228788cb3b4043e73576890c47401ea7e8482ec33b402b3410cb6610474041f2cea10c993b4071ff91e9d0114740dac534d3bd9a3b40c710001c7b024740f9bd4d7ff6833b40d55e44db31074740ffec478ac8803b40b1a371a8df114740b5a679c7297e3b4063450da6611447403d0b42791f733b408fa67a32ff324740cec29e76f8533b402f19c748f64a47400a9dd7d8254e3b40ea95b20c715a47407aa69718cb343b40e3aab2ef8a624740b9dfa128d0333b40bf0d315ef37047409aed0a7db06c3b40cb2bd7db666e47400c789961a3a43b40dcf3fc69a3724740d3f8855792b43b40f8a57ede54784740c95a43a9bdc43b4091d0967329704740d690b8c7d2033c40425bcea5b86a47401e4fcb0f5c1d3c403d450e11376b4740),
(17, 'Ialomița', _binary 0x000000000103000000010000002a00000009c4ebfa059b3a4057b08d78b26d4640bccd1b2785a13a40cae1934e2468464062670a9dd7e03a405c01857afa684640317a6ea12bf93a40137f1475e66446400876fc1708023b40aeb7cd54886946404b9352d0ed253b406e85b01a4b62464054c8957a16343b401b81785dbf644640dd408177f2413b4035f0a31af65f464005a2276552573b40dbf97e6abc664640c24d469561683b40d769a4a5f26246402b172aff5a8a3b403944dc9c4a64464026c808a870b83b40a9f8bf232a624640cdb051d66fba3b404f0306499f6646402639605793d33b4094de37bef6684640f52f49658ae13b403c670b08ad6146404225ae635ce13b40b5705985cd5a4640a2b60da320083c40adf6b0170a504640936e4be482033c40724d81ccce4a46400ff0a485cb1a3c405f97e13fdd3646408368ad6873043c406af816d68d2b4640a33f34f3e4da3b40fd2d01f8a7304640c9b08a3732c33b40344c6da9832c4640de3cd52137bb3b40e6eb32fca73546404e2a1a6b7fa73b4004caa65ce13546402101a3cb9ba33b40cd3cb9a6403c4640467c2766bd843b4030682101a33f46409a27d714c8343b40f70489edee3d46404969368fc3f83a40327216f6b443464008e9297288e43a40efe53e390a4246408c6a11514cae3a4055c2137afd4746406ec2bd326f993a40fa0b3d62f44246402d26361fd77a3a4015c78157cb494640c3d84290836a3a40be310400c74246401bd5e940d6573a4066f84f375046464030bc92e4b9663a404d11e0f42e4e4640a643a7e7dd583a40ecf99ae5b2554640213d450e115f3a40e71da7e8485c4640bf0cc688444d3a40581ccefc6a624640d7187442e8643a4081b053ac1a624640ee60c43e01743a4050c58d5bcc67464062f4dc42577e3a40b20ddc813a65464009c4ebfa059b3a4057b08d78b26d4640),
(18, 'Iași', _binary 0x00000000010300000001000000290000001e4fcb0f5c1d3c403d450e11376b4740d690b8c7d2033c40425bcea5b86a4740c95a43a9bdc43b4091d0967329704740d3f8855792b43b40f8a57ede547847400c789961a3a43b40dcf3fc69a37247409aed0a7db06c3b40cb2bd7db666e4740b9dfa128d0333b40bf0d315ef37047407841446ada253b40ab07cc43a67a47405b238271703d3b40707b82c47681474013656f29e7273b4039268bfb8f8a47405f44db31750f3b40e7feea71df8a4740202a8d98d9073b401ff30181ce8447403f8ba548bee63a40a3c85a43a98347401d21037976d53a400bd3f71a82854740ef1ea0fb72c23a40fda204fd858c4740965d30b8e6a23a4040df162cd58b4740c79e3d97a99d3a4009371955869747404223d8b8fe813a4082ffad64c7a247405da5bbeb6c883a40799274cde4b14740eab46e83da9b3a406f8104c58fad47406937fa980fac3a40672b2ff99fae47408b6d52d158b33a4093c9a99d61bc4740cee0ef17b3c93a407fbdc282fbbf47408b321b6492fd3a404da088450cbf4740844a5cc7b80a3b401d1f2dce18b847402dce18e604153b4012f8c3cf7fbb474087fa5dd89a193b40b3edb43522c6474039b9dfa128343b40f777b6476fc24740aa45443179433b400341800c1dc947402fc4ea8f30643b40c53d963e74cb47403f36c98ff8793b40c6a354c213be474088307e1af7923b40f111312592ba4740616d8c9df0923b40765089eb18af4740f33977bb5ea23b406901da56b3a64740834c327216ba3b40acc95356d3a547403813d38558c93b40c763062ae39b474059bf99982ecc3b400a80f10c1a924740cfba46cb81ea3b40a5f9635a9b8847405ad93ee42d133c4051bb5f05f87e47401f10e84cda1c3c40001de6cb0b7647401e4fcb0f5c1d3c403d450e11376b4740),
(19, 'Olt', _binary 0x00000000010300000001000000290000003e7617282970384026378aac356c4640db4c857824923840e3fbe25295684640d6fd63213a983840f5108dee206046407e1ea33cf3ae3840b72407ec6a5e46406a882afc19be3840d9976c3cd844464008e753c72ac1384029cde6711832464090bfb4a84fe238403ee8d9acfa3046407573f1b73dd13840a5dde8633e2e464057b2632310d3384003cc7c073f1f464057ec2fbb27cb3840ebe6e26f7b18464005c1e3dbbbda384018d00b772e0c46409c6ed921feb53840b5f97fd591074640b91caf40f49c38402a53cc41d0014640ac1919e42e9a3840ce50dcf126fb4540a65eb7088cb138406bf294d574ef4540962023a0c2b138405073f22213e445404a0d6d0036a83840aed7f4a0a0dc454040321d3a3d833840b1c1c2499ae14540c90391459a683840b8ea3a5453de45407b30293e3e593840e316f37343d945407ba180ed602c38408d26176360d74540ef5701bedb1c384024809bc58bd94540a304fd851e213840bb7d569929e34540f705f4c29d333840847f113466ec4540e42cec6987433840c408e1d1c6ff4540fb90b75cfd3838402922c32ade0846403ca06cca153a3840452fa3586e1d464086c954c1a81c38404b581b6327224640e179a9d8980b384036e675c4212f4640c901bb9a3cf5374053e9279cdd30464017d68d7747e63740cc5f21736536464058e2016553e237404c1938a0a53d4640320400c79eed3740881057cede4346407daeb6627ffd3740ad855968e74446403cf88903e81338407a5567b5c03e4640185a9d9ca1243840765089eb18474640ef5696e82c5338404b3ca06cca4746405051f52b9d473840d190f128955a4640a2d5c9198a573840c2dceee53e6d4640501c40bfef633840d4d2dc0a617346403e7617282970384026378aac356c4640),
(20, 'Neamț', _binary 0x000000000103000000010000002b0000004223d8b8fe813a4082ffad64c7a24740c79e3d97a99d3a400937195586974740965d30b8e6a23a4040df162cd58b4740ef1ea0fb72c23a40fda204fd858c47401d21037976d53a400bd3f71a828547403f8ba548bee63a40a3c85a43a9834740202a8d98d9073b401ff30181ce8447405f44db31750f3b40e7feea71df8a474013656f29e7273b4039268bfb8f8a47405b238271703d3b40707b82c4768147407841446ada253b40ab07cc43a67a4740b9dfa128d0333b40bf0d315ef37047407aa69718cb343b40e3aab2ef8a624740cac51858c7293b40c18f6ad8ef5f47405ccb64389e0b3b401ea8531edd62474097e4805d4df23a4057b263231061474074435376fae93a40e2e995b20c694740bcb0355b79d93a4089b5f81400674740ce380d5185d73a40ba2f67b62b6047400952297634aa3a40f1129cfa405e474042e90b21e7913a403a596abddf564740309c6b98a1813a40f969dc9bdf584740f30016f9f5633a402e01f8a7545347402e5393e00d4d3a40e88711c2a353474068b27f9e06443a40ed2c7aa7025a47409cc420b072343a40e78efe976b534740a587a1d5c9193a40d255babbce52474078431a1538113a403012da722e5b4740ed444948a4f93940e44a3d0b42594740b8e52329e9cd3940f23ff9bb775a474040be840a0ecf3940cc7f48bf7d6547401c7920b248c33940f72004e44b6c4740185b087250ce3940f2423a3c847b4740b39602d2febb3940d1eb4fe2738947402f8672a25da939409a249694bb8b47401878ee3d5cbe39405778978bf89c47409e616a4b1dd039408a1c226e4ea147405299620e82fa39405fd1add7f4a44740f3ffaa23470e3a4082e7dec325a347400d39b69e21303a40fc7266bb42a747406b4606b98b403a40035c902dcba34740132ba391cf673a40fe0ddaab8fab47404223d8b8fe813a4082ffad64c7a24740),
(21, 'Mureș', _binary 0x000000000103000000010000002e000000807f4a95283f39404f95ef19898c4740b81ff0c0004a394000ae64c7467c47401442075dc241394039d1ae42ca6d4740b87361a417493940cc608c481466474086713788d64239409e0ab8e7f95f47401618b2bad5473940a52f849cf755474081eb8a19e12d3940e199d024b14c474074b2d47abf053940e27492ad2e454740ae122c0e67063940abe80fcd3c3d47400bd0b69a75f638401aa3755435394740376e313f37dc3840a6f0a0d9752d474037c478cdabde38401059a489772647402106baf605f03840881057cede1f4740ca32c4b12e1a39406077baf3c41d474055de8e705a2c39402330d63730154740f0c16b973620394042b456b439124740a69a594b01053940ef703b342c12474042ee224c51f2384043aed4b3200a4740ecc1a4f8f8dc3840c896e5eb320e474016f6b4c35fb738400ce9f010c60947405c8fc2f528ac38400c1ea67d730d4740b70c384bc9aa384062bb7b80ee2347408ec9e2fe237f384098bed7101c1f47405df92ccf836b384017d7f84cf62147400113b875373b384076a73b4f3c21474077f35487dc2838404301dbc18823474021054f21572238400873bb97fb2a4740abe97aa2ebfe3740d6ff39cc972f4740e277d32d3bfc374092ea3bbf28374740aab8718bf9f537408f8b6a1151424740b51666a19d0b38403ca1d79fc4454740f5da6cacc41c3840ce33f6251b57474024ef1cca50113840b075a911fa5d4740c214e5d2f82d3840d061bebc00674740dc4944f8174d384030f1475167604740e659492bbe653840401878ee3d6047405323f433f586384054a703594f6d47406d57e8836588384062122ee41174474053e751f17fa3384079b29b19fd78474044696ff085b53840ff0758ab76734740d4bb783f6ecb38409e9acb0d86864740ddb5847cd0df38405e4a5d328e8d4740bd1aa034d404394057975302628e4740950ed6ff39103940d99596917a914740f8c3cf7f0f2a3940a661f88898904740807f4a95283f39404f95ef19898c4740),
(22, 'Mehedinți', _binary 0x00000000010300000001000000280000001346b3b27d743740a1d79fc4e74846407c9c69c2f6433740051555bfd24346407ac2120f283337404e637b2de83b4640465c001aa53737400d6fd6e07d314640eb3a54539221374043fe99417c2846403e40f7e5cc1637403a1e3350191f4640e962d34a211c37409c19fd6838134640d15966118a01374018edf1423a1446400fd3beb9bff63640f71f990e9d0c464002d53f8864ac364068d0d03fc11b464024d6e25300ac3640267156444d244640ce8de9094b9036400475caa31b274640c00303081f863640c70dbf9b6e2b4640e197fa7953793640809bc58b853d46405c035b25588c36401570cff3a73d464060730e9e09953640d76b7a50504646406553aef02eaf36406dae9ae788424640e9efa5f0a0c136407dd0b359f547464065fcfb8c0bab3640431f2c63434f46400e2e1d739e913640b8c9a8328c5146402b84d558c2763640fb03e5b67d5b4640da1ebde13e4636404c5299620e5046403d7d04fef02f3640f06ab933133e4640b01f6283851336406614cb2dad404640b9aaecbb22043640e622be13b34c4640969526a5a023364011aad4ec8154464085b2f0f5b52a3640a4a7c821e25e46402995f0845e4336400d384bc972644640397cd289046b3640c8b1f50ce160464042b28009dc7e36406490bb0853764640ea58a5f44c7f3640a0a86c58537d4640f357c85c19a83640c712d6c6d88d464006bb61dba2c43640586fd40ad3874640af44a0fa07dd364060747973b87e4640670b08ad87ef3640c74961dee36646408c683ba6eefe3640ea5e27f5656346407a6f0c01c01d37402b31cf4a5a574640a52e19c7484637406f9eea909b55464055336b292061374047e5266a695046401346b3b27d743740a1d79fc4e7484640),
(23, 'Teleorman', _binary 0x00000000010300000001000000240000001dcbbbea017b394025b37a87db3946409e62d520cc6d3940fcc8ad49b7334640037976f9d67739403659a31ea22946405166834c32923940d1eb4fe2732746404225ae635cb13940354580d3bb20464096ecd808c4a739404bc8073d9b1546407bd976da1aad394028b517d1760e4640f419506f4699394005fbaf73d3044640cd785be9b59539400455a35703f8454041f163cc5d9b394065ff3c0d18ec4540840f255af2a839402c9ace4e06e94540bf1072deffab3940e97e4e417ed845409be271512d923940cf85915ed4d24540abb2ef8ae0633940c901bb9a3ccf45402bdcf2919440394033a7cb6262d74540cb30ee06d12a3940fca5457d92d945401b4aed45b40d3940812381069bd8454097fdbad39dff38407193516518dd4540f9d85da0a4c03840728a8ee4f2d745404a0d6d0036a83840aed7f4a0a0dc4540962023a0c2b138405073f22213e44540a65eb7088cb138406bf294d574ef4540ac1919e42e9a3840ce50dcf126fb4540b91caf40f49c38402a53cc41d00146409c6ed921feb53840b5f97fd59107464005c1e3dbbbda384018d00b772e0c464057ec2fbb27cb3840ebe6e26f7b18464057b2632310d3384003cc7c073f1f46407573f1b73dd13840a5dde8633e2e464090bfb4a84fe238403ee8d9acfa3046408a1ef818ac103940904fc8cedb3246403c1570cff3333940c26a2c616d3a46407079ac19193c3940026729594e36464045bb0a293f4d3940402fdcb930364640ee05668522653940a67f492a534246401dcbbbea017b394025b37a87db394640),
(24, 'Sibiu', _binary 0x000000000103000000010000002000000042ee224c51f2384043aed4b3200a4740c85d8429cad138409160aa99b50047404243ff0417b73840d49ae61da7f246401096b1a19bb53840d40fea2285e84640056d72f8a4a3384011a62897c6e54640147afd497cae38405f419ab168da46403e0455a357af3840465d6bef53cd4640da53724eec853840a7e7dd5850ca464060c9552c7e5f3840fc6eba6587ca46405ef6eb4e773a384005a6d3ba0dc646408ffaeb15162c384032c9c859d8c14640772b4b74960538404d4c1762f5c3464076525f9676ca37407cb4386398c346407ee02a4f20b4374089963c9e96bf4640dae4f04927aa3740db89929048bf464059164cfc519c3740c9ad49b725c84640325871aab5a437405c38109205d2464094c151f2ea9837406364c91ccbd5464047c7d5c8aea03740a1478c9e5be0464086e28e37f9c53740ec3026fdbdf046404981053065dc37401555bfd2f9fc4640001de6cb0be43740d93d7958a8054740a3cedc43c2f73740c1c8cb9a580447406fb88fdc9a3038407bd976da1a1747400113b875373b384076a73b4f3c2147405df92ccf836b384017d7f84cf62147408ec9e2fe237f384098bed7101c1f4740b70c384bc9aa384062bb7b80ee2347405c8fc2f528ac38400c1ea67d730d474016f6b4c35fb738400ce9f010c6094740ecc1a4f8f8dc3840c896e5eb320e474042ee224c51f2384043aed4b3200a4740),
(25, 'Satu Mare', _binary 0x0000000001030000000100000025000000bf2cedd45c7e374027a089b0e1fb474063d1747632903740dc679599d2f8474012d90759169837406a696e85b0ec474071c63027688f37400b26fe28eae6474040a6b5696c73374046d1031f83e14740dd5ed218ad4f3740fa9cbb5d2fe347409bc937dbdc5c3740b491eba694d947403354c554fa49374013d55b035bcb4740c2a6cea3e23b37409cf86a4771c64740dbbfb2d2a4243740dfbf7971e2cf474095b54df1b81037401901158e20c947409fac18ae0e083740c6dd205a2bbe47406ee00ed4291b374073d9e89c9fb847406c5d6a847e1e374058e1968fa4b2474003e962d34a0d374070b1a206d3ac4740a41820d104fa3640d4d347e00fad4740a8aca6eb89ea3640fddb65bfeeb447409700fc53aac43640bf0b5bb395b54740e15d2ee23ba536404e97c5c4e6af47402cf2eb87d89c3640739eb12fd9aa47401823128596753640d498107349b7474022e010aad45c36407768588cbab647406553aef02e5736404227840ebabe4740f8544e7b4a2e3640ef3a1bf2cfcc4740dd7bb8e4b8433640772b4b7496dd4740ac5791d1016d3640cf13cfd902e047405456d3f5447b364038691a14cde74740dd442dcdad8c364084f23e8ee6e2474071cadc7c23ae364093533bc3d4e447408195438b6cc33640cba0dae044f2474081e84999d4d836407c7e18213cf44740b4b0a71dfee236402766bd18caf947400d36751e15133740ab5d13d21a0148408578245e9e263740a4c684984b0e484086200725cc44374036e675c4210b4840ac3b16dba4563740c921e2e654024840bf2cedd45c7e374027a089b0e1fb4740),
(26, 'Ilfov', _binary 0x0000000001030000000100000015000000bf0cc688444d3a40581ccefc6a624640213d450e115f3a40e71da7e8485c4640a643a7e7dd583a40ecf99ae5b255464030bc92e4b9663a404d11e0f42e4e46401bd5e940d6573a4066f84f3750464640c3d84290836a3a40be310400c74246404835ecf7c4663a40d95f764f1e38464028d6a9f23d4f3a407b1002f2253246400b0a83328d423a40f6285c8fc2254640965cc5e237253a40b0c6d974041e4640359886e123fe3940eaec6470942846406d8e739b70db3940a12c7c7dad2f4640569bff571dd9394018b0e42a163746409c6f44f7aceb3940d0b52fa017424640d8f15f2008e439408d9b1a683e4546403337df88eefd394030d461855b4e4640751e15ff77f03940d49ae61da7524640cf86fc3383f83940c1a90f24ef5a4640eeceda6d171a3a40556af6402b6246403e95d39e923f3a40a5a2b1f6775e4640bf0cc688444d3a40581ccefc6a624640),
(27, 'Tulcea', _binary 0x000000000103000000010000002700000064c91ccbbbfe3c40a06f0b96ea564640780c8ffd2cee3c40053411363c594640744694f606d33c4014d044d8f05046406ac020e9d3ae3c401553e9279c55464060c9552c7e773c40567e198c11534640228b34f10e6c3c404b732b84d54e4640eb3a5453925d3c4056babbce86584640992842ea762e3c401d041dad6a614640f27d71a94a273c4026c808a87066464021037976f9123c40d28f8653e66646402383dc4598263c4094da8b683b7c46408d63247b84223c40b81d1a16a38c46402f6d382c0d2c3c40c4961e4df592464017d7f84cf6173c40103d29931a9846402c8194d8b51d3c40f16778b306a146401f680586acfe3b40b66ad784b4a446401ea5129ed0073c408ba6b393c1b34640f513ce6e2d133c409291b3b0a7b746409be7887c972e3c40bebc00fbe8b446401dc87a6af5353c40b58afed0ccbb46408aca863595593c40ada23f34f3a846408c834bc79c8f3c40f568aa27f39f46408a20cec309b83c40cc2a6c06b89c4640978e39cfd8c73c40cc5f2173659e464077db85e63ad13c40aaeffca204ab464077103b53e8ec3c40e4f6cb272ba4464028d6a9f23d0b3d407ec9c6832dae4640a8565f5d15403d40cf143aafb1b74640bb29e5b5126e3d40f14bfdbca9b84640d2ac6c1ff2963d403f19e3c3ecb14640365ce49eaea63d406c770fd07dab4640f3aace6a81ad3d401c075e2d77a24640fc7266bb42a33d40ae11c138b89c4640f566d47c95a83d40ed6305bf0d8d464037fa980f08a03d40c93b8732547146408eaf3db324983d4040fa264d836a4640d0ed258dd13e3d4013d38558fd654640412ac58ec6153d401c261aa4e05f464064c91ccbbbfe3c40a06f0b96ea564640),
(28, 'Hunedoara', _binary 0x00000000010300000001000000280000008aaf7614e7983740f296ab1f9bbc4640c18bbe8234973740a5daa7e331ad4640cf6bec12d57337400395f1ef33a64640505260014c613740003620425cab46401d1f2dce184a3740e6eb32fca7a74640a7cb6262f301374008e3a7716fa046406a4e5e6402d63640513239b533a44640e8d84125aeaf364051a4fb3905a146400abe69faecb03640d1419770e8a9464018963fdf16a836404faf946588af46400056478e74b636401bd7bfeb33b54640357f4c6bd3b036409f01f566d4be464059349d9d0ca23640afb2b6291ec9464071ae6186c683364061fbc9181fcc4640cb4c69fd2d6d36409dbaf2599ed54640e886a6ecf4773640a439b2f2cbd846406d7022fab57936407f4fac53e5e946404f3fa88b146236406cec12d55bf146407429ae2afb6a3640f644d7851ff846407d2079e7505a36403b71395e81fc46409696917a4f6d3640952d9276a3014740fe98d6a6b16d36406a882afc190a4740dcbc715298773640814067d2a6124740dff8da334b723640bb7b80eecb1b4740febad39d27a636406325e659491d4740200a664cc1ae36405fecbdf8a227474031ed9bfbabbf3640ee5d83bef42c4740d4450a65e1cf3640c3b7b06ebc29474016a75a0bb3ec36400b62a06b5f2a47405987a3ab74fb3640586fd40ad31b47407afd497cee0c3740a0f99cbb5d1b4740b0af75a9111637406e6de179a9084740a20a7f86372f3740bde47ff2770347406c96cb46e7543740af3f89cf9df0464082397afcde523740cb86359545eb464081221631ec5c3740e12538f581dc4640f9f719170e6c3740a1664815c5d546404ed367075c6b3740f06b2409c2cb4640d63a71395e8937404660ac6f60c646408aaf7614e7983740f296ab1f9bbc4640),
(29, 'Dâmbovița', _binary 0x0000000001030000000100000020000000e4f736fdd97339405af2785a7eb8464027158db5bf7739401c075e2d77ac46407689eaad818d3940c652245f09a246408d28ed0dbe883940e02efb75a79b4640f48c7dc9c6a33940eecf4543c68b4640530438bd8bb3394085d21742ce8546409e616a4b1db03940d76839d043794640056a317898ca39404033880fec784640037cb779e3dc394009a9dbd9576a4640cf86fc3383f83940c1a90f24ef5a4640751e15ff77f03940d49ae61da75246403337df88eefd394030d461855b4e4640d8f15f2008e439408d9b1a683e454640e33785950aca39403a3fc571e043464058ca32c4b1a2394076dec66647464640b27f9e060c8a39405fee93a3004546401dcbbbea017b394025b37a87db394640ee05668522653940a67f492a5342464045bb0a293f4d3940402fdcb9303646407079ac19193c3940026729594e364640dcf63deaaf473940ed815660c83c4640328e91ec113639401bbb44f5d64e4640d7db662ac42f39401233fb3c465b464064ae0caa0d36394006d49b51f36146403a77bb5e9a2a394048c153c8957646402577d8446632394058cb9d9960824640287cb60e0e263940c8b60c384b9146404b051555bf3a39409baa7b647395464086e5cfb7054b3940f3583332c89d4640b8ea3a545352394029b4acfbc7b046402fde8fdb2f6739404e64e60297b14640e4f736fdd97339405af2785a7eb84640),
(30, 'Sălaj', _binary 0x0000000001030000000100000020000000af601bf164d73740037ae1ce85ab47404ab4e4f1b4c037407a1a3048fa9e4740b3075a8121a73740b0c6d974049e4740eeebc039239a374053910a630b954740f3599e07777f37406f63b323d59347407171546ea27637400a9dd7d825804740c2a4f8f8844837404b901150e1724740b900344a973a374071395e81e879474004594fadbe323740377007ea946f4740c153c8957a1a374057772cb6496d474088f2052d24f0364056f2b1bb407547405e2ba1bb24e63640a6eeca2e187c47404da25ef069ba36409acfb9dbf5804740008c67d0d0af3640855b3e92928647407bfa08fce1973640ba2f67b62b884740b9c7d2872e803640addf4c4c17984740d33252efa98c36405320b3b3e8a547402cf2eb87d89c3640739eb12fd9aa4740e15d2ee23ba536404e97c5c4e6af47409700fc53aac43640bf0b5bb395b54740a8aca6eb89ea3640fddb65bfeeb44740a41820d104fa3640d4d347e00fad474003e962d34a0d374070b1a206d3ac47406c5d6a847e1e374058e1968fa4b247406ee00ed4291b374073d9e89c9fb847403c4cfbe6fe2e37405b087250c2ba4740e9818fc18a5b37404ce0d6dd3cb54740cf6a813d267e37401a53b0c6d9ae474009522976349237401d76df313cae4740d48041d2a7a13740520dfb3db1b2474089601c5c3aba3740cade52ce17a94740af601bf164d73740037ae1ce85ab4740),
(31, 'Dolj', _binary 0x0000000001030000000100000026000000904c874ecfc737403830b951645b4640320400c79eed3740881057cede43464058e2016553e237404c1938a0a53d464017d68d7747e63740cc5f217365364640c901bb9a3cf5374053e9279cdd304640e179a9d8980b384036e675c4212f464086c954c1a81c38404b581b63272246403ca06cca153a3840452fa3586e1d4640fb90b75cfd3838402922c32ade084640e42cec6987433840c408e1d1c6ff4540f705f4c29d333840847f113466ec4540a304fd851e213840bb7d569929e34540ef5701bedb1c384024809bc58bd94540e23fdd4081f7374037c2a2224edf454032384a5e9ddf3740397ea83462e045403db9a64066b337403fff3d78ede645402577d844669e3740336dffca4ae545406e5166834c6a374062669fc728ed4540ff5bc98e8d443740144031b264ec4540ef0390dac40d37409eb30584d6e545403465a71fd4dd364037c2a2224eeb454076a911fa99d636401ea67d737ff14540db6fed4449e43640d1782288f3fe45408b1876189302374078b6476fb80146403b8f8aff3b063740fc1a4982700b46400fd3beb9bff63640f71f990e9d0c4640d15966118a01374018edf1423a144640e962d34a211c37409c19fd68381346403e40f7e5cc1637403a1e3350191f4640eb3a54539221374043fe99417c284640465c001aa53737400d6fd6e07d3146407ac2120f283337404e637b2de83b46407c9c69c2f6433740051555bfd24346401346b3b27d743740a1d79fc4e74846401d1d5723bb963740c98e8d40bc4e464032022a1c41b23740267156444d4c46408bfb8f4c87b63740876a4ab20e5b4640904c874ecfc737403830b951645b4640),
(32, 'Bacău', _binary 0x000000000103000000010000002a0000007aa69718cb343b40e3aab2ef8a6247400a9dd7d8254e3b40ea95b20c715a4740cec29e76f8533b402f19c748f64a47403d0b42791f733b408fa67a32ff324740b5a679c7297e3b4063450da661144740bcce86fc334f3b4062d7f6764b1a474015c440d7be383b40bfb7e9cf7e18474049a12c7c7d213b407369fcc22b134740098a1f63ee123b40a92f4b3b350b4740f65d11fc6ffd3a40ff21fdf6750e4740452c62d861ec3a40c119fcfd620847405bb22ac24dce3a409d499baa7b08474093fdf33460b43a40f2b56796040c4740ca1af5108d923a40683d7c9928024740ca880b40a3703a40bb09be69fa04474011fddafae9573a4038876bb587114740c097c28366533a40e4f8a1d2881d4740d253e41071433a40909e2287881f4740029eb47059453a406aa510c8252c474047e6913f18283a40bda772da53284740284701a2602a3a404b7842af3f314740e86a2bf697013a40e7e104a6d33447408acc5ce0f2043a40c7a01342073f47406494675e0e133a40d2ab014a43434740e6e5b0fb8efd3940cb4dd4d2dc4e4740ed444948a4f93940e44a3d0b4259474078431a1538113a403012da722e5b4740a587a1d5c9193a40d255babbce5247409cc420b072343a40e78efe976b53474068b27f9e06443a40ed2c7aa7025a47402e5393e00d4d3a40e88711c2a3534740f30016f9f5633a402e01f8a754534740309c6b98a1813a40f969dc9bdf58474042e90b21e7913a403a596abddf5647400952297634aa3a40f1129cfa405e4740ce380d5185d73a40ba2f67b62b604740bcb0355b79d93a4089b5f8140067474074435376fae93a40e2e995b20c69474097e4805d4df23a4057b26323106147405ccb64389e0b3b401ea8531edd624740cac51858c7293b40c18f6ad8ef5f47407aa69718cb343b40e3aab2ef8a624740),
(33, 'Buzău', _binary 0x0000000001030000000100000028000000336dffca4a6f3b400f0ef62686b2464085e97b0dc1513b40dac9e02879a14640f0a5f0a0d9553b4079b29b19fd9a4640ba8784effd353b40adc090d5ad9c4640f2d1e28c61263b408c48145ad69546407288b83995343b403752b648da8b464000adf9f197323b400da9a278958346401f477364e5473b408869dfdc5f7f464054c8957a16343b401b81785dbf6446404b9352d0ed253b406e85b01a4b6246400876fc1708023b40aeb7cd5488694640317a6ea12bf93a40137f1475e664464062670a9dd7e03a405c01857afa684640bccd1b2785a13a40cae1934e2468464009c4ebfa059b3a4057b08d78b26d4640601f9dbaf27d3a4076172829b08046406c0723f6096c3a405e2a36e675964640f436363b52593a40863c821b299b4640e44ee960fd3f3a40cb9d9960389b4640a2ebc20fce3b3a40e8853b1746a8464052ee3ec747273a407f6b274a42b046403ece3461fb253a40545227a089ba4640a391cf2b9e123a40fe9b1727bec04640de57e542e5173a40779e78ce16c24640077de9edcf253a40c328081edfca464088bd50c076543a40bf45274badd1464002d369dd06553a40c03fa54a94d7464099ba2bbb60643a40cd920035b5e646408046e9d2bf703a40d253e41071e34640b7b8c667b2873a40f04dd36707d24640668522ddcfad3a406d6fb72407ce4640c426327381bf3a403d7c992842c6464068226c787ad53a40a52e19c748c24640575c1c959bf83a403e247cef6fc446408d28ed0dbe003b409415c3d501be4640dec9a7c7b6243b405c77f35487b446409cdd5a26c3313b405bd07b6308ba4640cc9717601f453b4090a339b2f2b14640e92cb308c5663b4061527c7c42b04640336dffca4a6f3b400f0ef62686b24640),
(34, 'Caraș-Severin', _binary 0x000000000103000000010000002c000000cb4c69fd2d6d36409dbaf2599ed5464071ae6186c683364061fbc9181fcc464059349d9d0ca23640afb2b6291ec94640357f4c6bd3b036409f01f566d4be46400056478e74b636401bd7bfeb33b5464018963fdf16a836404faf946588af46400abe69faecb03640d1419770e8a94640e8d84125aeaf364051a4fb3905a14640ed7f80b56a8f3640198d7c5ef1944640f357c85c19a83640c712d6c6d88d4640ea58a5f44c7f3640a0a86c58537d464042b28009dc7e36406490bb0853764640397cd289046b3640c8b1f50ce16046402995f0845e4336400d384bc97264464085b2f0f5b52a3640a4a7c821e25e4640969526a5a023364011aad4ec81544640b9aaecbb22043640e622be13b34c46408ca19c6857fd35403882548a1d5146405e66d828ebcb3540e8323509de544640dc80cf0f23a4354061dd78776454464051dd5cfc6d9735401afcfd62b6604640357a354069643540d2a8c0c936644640bbd23252ef5d35400874266daa6e46404c1762f5477c354084b70721206f46403c1570cff38b354075e8f4bc1b774640ef1f0bd12168354021b1dd3d407d4640bd55d7a19a7235406a847ea65e8746401286014bae7a354061a8c30ab7984640410b09185d8e3540a60f5d50dfa24640bbed42739d8635409cf86a4771aa4640b4ad669df17135401c60e63bf8b146402159c0046e75354044c2f7fe06bd4640083bc5aa4194354033a31f0da7c04640a94bc63192993540b83f170d19c94640433866d993ac3540e9f17b9bfeca46401c23d923d4d435408ca03193a8c34640952d9276a3eb35407aa69718cbc64640172829b000f235406d904946cec04640c5591135d10736403d9b559fabbf4640ee5d83bef41236405c92037635c9464097ae601bf12c3640668522ddcfcd4640ce8b135fed443640bce6559dd5ca464051a4fb3905513640b284b53176d44640cb4c69fd2d6d36409dbaf2599ed54640),
(35, 'Cluj', _binary 0x000000000103000000010000002d000000ef2076a6d0053840873254c554ae47403c855ca967ed3740f70489edeea54740320400c79ef53740483140a20996474037ddb243fc033840b2f1608bdd964740e8bf07af5d223840804a95287b8947407fbe2d58aa1b38406eddcd531d7e4740422619390b373840b0c6d97404744740c214e5d2f82d3840d061bebc0067474024ef1cca50113840b075a911fa5d4740f5da6cacc41c3840ce33f6251b574740b51666a19d0b38403ca1d79fc4454740aab8718bf9f537408f8b6a1151424740e277d32d3bfc374092ea3bbf283747401538d906eee837408a1c226e4e3b4740bedefdf15ead3740965b5a0d893947403ab187f6b19a37404c6c3eae0d354740e412471e88983740268e3c10593e4740ebe2361ac08337407380608e1e3f4740a4c7ef6dfa7337407100fdbe7f434740569fabadd8573740726c3d43384447404be7c3b304453740087767edb63f4740d0b9dbf5d224374098a3c7ef6d404740c7832d76fb183740984c158c4a3c4740618a7269fc0237404e27d9ea72404740f94a202576fd36405bcd3ae3fb464740774d486b0ce236404759bf9998444740fbeb1516dccf36404852d2c3d04847406f48a30227cb364047551344dd51474099bb96900fb63640c78157cb9d61474019e3c3ec65c73640eab12d03ce724740e8154f3dd2ac3640223317b83c7c47404da25ef069ba36409acfb9dbf58047405e2ba1bb24e63640a6eeca2e187c474088f2052d24f0364056f2b1bb40754740c153c8957a1a374057772cb6496d474004594fadbe323740377007ea946f4740b900344a973a374071395e81e8794740c2a4f8f8844837404b901150e17247407171546ea27637400a9dd7d825804740f3599e07777f37406f63b323d5934740eeebc039239a374053910a630b954740b3075a8121a73740b0c6d974049e47404ab4e4f1b4c037407a1a3048fa9e4740af601bf164d73740037ae1ce85ab4740ef2076a6d0053840873254c554ae4740),
(36, 'Suceava', _binary 0x000000000103000000010000002c000000505260014c193a409966bad749fd47402fc03e3a754d3a40b7442e3883ed47403332c85d84513a40bff2203d45e84740db696b4430723a402504abeae5dd4740274badf71b953a40e9f17b9bfec44740ab92c83ec8963a40ce50dcf126bb47408b6d52d158b33a4093c9a99d61bc47406937fa980fac3a40672b2ff99fae4740eab46e83da9b3a406f8104c58fad47405da5bbeb6c883a40799274cde4b147404223d8b8fe813a4082ffad64c7a24740132ba391cf673a40fe0ddaab8fab47406b4606b98b403a40035c902dcba347400d39b69e21303a40fc7266bb42a74740f3ffaa23470e3a4082e7dec325a347405299620e82fa39405fd1add7f4a447409e616a4b1dd039408a1c226e4ea147401878ee3d5cbe39405778978bf89c47402f8672a25da939409a249694bb8b4740bedc2747019a39401956f146e6894740b34291eee77439403d98141f9f924740ab7b6473d56c394002124da088974740be1248895d4b3940fa25e2adf3934740807f4a95283f39404f95ef19898c4740f8c3cf7f0f2a3940a661f88898904740950ed6ff39103940d99596917a914740406ce9d1540b3940dffab0dea89b4740be86e0b88c13394056b60f79cba74740452e3883bf033940eb0088bb7ab74740f9da334b0218394005fc1a4982c0474097fe25a94c0d394099f04bfdbcc7474009c1aa7af9f53840130ce71a66cc47407e8ae3c0ab05394044a4a65d4cd5474047020d3675f238407c9e3f6d54dd474090a2cedc430a3940317bd976dadc4740618e1ebfb71d3940e9edcf4543e247405f7afb73d1383940a77a32ffe8ed4740ddcebef2203d3940d1967329aef2474008c9022670533940ccef3499f1f4474062d8614cfaa7394044696ff085f947401f80d4264ec63940fe28eacc3df84740de3829cc7bdc3940e71725e82ffc47404c1938a0a50f3a405ef6eb4e77fe4740505260014c193a409966bad749fd4740),
(37, 'Giurgiu', _binary 0x0000000001030000000100000020000000d8f15f2008e439408d9b1a683e4546409c6f44f7aceb3940d0b52fa017424640569bff571dd9394018b0e42a163746406d8e739b70db3940a12c7c7dad2f4640359886e123fe3940eaec647094284640965cc5e237253a40b0c6d974041e46400b0a83328d423a40f6285c8fc225464093c6681d556d3a40afe941412914464032c9c859d85b3a40b6a1629cbf0d46401e15ff7744613a40b3ef8ae07f054640b70bcd751a313a40919db7b1d9fd45407845f0bf951c3a4001bedbbc71fc45406fd40ad3f70a3a40b7d0950854f34540cd58349d9df039409ca5643909ed4540f0694e5e64e23940c904fc1a49e44540dd5ed218adc73940c9022670ebda4540bf1072deffab3940e97e4e417ed84540840f255af2a839402c9ace4e06e9454041f163cc5d9b394065ff3c0d18ec4540cd785be9b59539400455a35703f84540f419506f4699394005fbaf73d30446407bd976da1aad394028b517d1760e464096ecd808c4a739404bc8073d9b1546404225ae635cb13940354580d3bb2046405166834c32923940d1eb4fe273274640037976f9d67739403659a31ea22946409e62d520cc6d3940fcc8ad49b73346401dcbbbea017b394025b37a87db394640b27f9e060c8a39405fee93a30045464058ca32c4b1a2394076dec66647464640e33785950aca39403a3fc571e0434640d8f15f2008e439408d9b1a683e454640),
(38, 'Vâlcea', _binary 0x0000000001030000000100000024000000da53724eec853840a7e7dd5850ca4640fa5e43705c86384008cbd8d0cdbc4640ada3aa09a27a3840baa46abb09b84640027ff8f9ef7d38408d9aaf928fa34640f48c7dc9c677384043588d25ac9d4640cadfbda3c6843840aad72d0263914640a6d24f38bb7d3840a034d428248d4640032670eb6e7a38405c59a2b3cc7246403e7617282970384026378aac356c4640501c40bfef633840d4d2dc0a61734640a2d5c9198a573840c2dceee53e6d46405051f52b9d473840d190f128955a4640ef5696e82c5338404b3ca06cca474640185a9d9ca1243840765089eb184746403cf88903e81338407a5567b5c03e46407daeb6627ffd3740ad855968e7444640320400c79eed3740881057cede434640904c874ecfc737403830b951645b46405665df15c1cb374007b5dfda896846404b22fb20cbc23740a19dd32cd0724640747d1f0e12c2374030bc92e4b980464092e9d0e979d33740be175fb4c7894640c5ff1d51a1da37402524d236fe9446400ef3e505d8cb3740acc43c2b69a146401e19abcdffcb3740e7374c3448ad46406adb300a82af37407e552e54fea94640c18bbe8234973740a5daa7e331ad46408aaf7614e7983740f296ab1f9bbc46404ed1915cfea337405a7ee02a4fba46407ee02a4f20b4374089963c9e96bf464076525f9676ca37407cb4386398c34640772b4b74960538404d4c1762f5c346408ffaeb15162c384032c9c859d8c146405ef6eb4e773a384005a6d3ba0dc6464060c9552c7e5f3840fc6eba6587ca4640da53724eec853840a7e7dd5850ca4640),
(39, 'Prahova', _binary 0x000000000103000000010000001e000000a391cf2b9e123a40fe9b1727bec046403ece3461fb253a40545227a089ba464052ee3ec747273a407f6b274a42b04640a2ebc20fce3b3a40e8853b1746a84640e44ee960fd3f3a40cb9d9960389b4640f436363b52593a40863c821b299b46406c0723f6096c3a405e2a36e675964640601f9dbaf27d3a4076172829b080464009c4ebfa059b3a4057b08d78b26d464062f4dc42577e3a40b20ddc813a654640ee60c43e01743a4050c58d5bcc674640d7187442e8643a4081b053ac1a624640bf0cc688444d3a40581ccefc6a6246403e95d39e923f3a40a5a2b1f6775e4640eeceda6d171a3a40556af6402b624640cf86fc3383f83940c1a90f24ef5a4640037cb779e3dc394009a9dbd9576a4640056a317898ca39404033880fec7846409e616a4b1db03940d76839d043794640530438bd8bb3394085d21742ce854640f48c7dc9c6a33940eecf4543c68b46408d28ed0dbe883940e02efb75a79b46407689eaad818d3940c652245f09a2464027158db5bf7739401c075e2d77ac4640e4f736fdd97339405af2785a7eb84640158bdf1456ae394001a260c614c0464087c5a86bedb939409d9d0c8e92bb4640020ea14acdce3940a9a10dc006bc46401d3a3defc6fe39400ef3e505d8c14640a391cf2b9e123a40fe9b1727bec04640),
(40, 'Arad', _binary 0x00000000010300000001000000360000006e313f3734ad3640dd408177f233474031ed9bfbabbf3640ee5d83bef42c4740200a664cc1ae36405fecbdf8a2274740febad39d27a636406325e659491d4740dff8da334b723640bb7b80eecb1b4740dcbc715298773640814067d2a6124740fe98d6a6b16d36406a882afc190a47409696917a4f6d3640952d9276a30147407d2079e7505a36403b71395e81fc464022895e46b13836400ad9791b9bf3464096afcbf09f22364019e76f4221f64640f5ba4560acf735406b4ab20e47ff46403f1d8f19a8cc35404ad235936ff6464013807f4a95bc3540d1e7a38cb8fe46404fcde50643b13540927538ba4af54640c23060c955a435401f680586acfc46404a41b79734863540b804e09f520147401cebe2361a843540d6027b4ca4084740ace5ce4c30603540185dde1caeff46409bc937dbdc48354014b4c9e193024740295c8fc2f53c35400dfe7e315bfc46409b5775560b2c35406281afe8d6ff464073a087da361c35403f56f0db10fd4640215b96afcb0c3540745e6397a804474043c9e4d4cef034407a724d81cc04474081ed60c43ed53440c49448a2970b4740c425c79dd2c534405f7b6649801247407558e1968fb43440041f8315a714474068e7340bb4bf3440decb7d7214204740b329577897df3440e09f5225ca244740779e78ce16ec344094a2957b81214740ebac16d86306354015c616821c2247407e350708e6103540d36bb3b1121f47405b7a34d5931d35407b32ffe89b2647408be1ea00882b3540feee1d35262647400d54c6bfcf343540b0592e1b9d3347406f7ec344834835404bc8073d9b33474050357a3540513540a83ae466b8394740d923d40ca9423540a4a99ecc3f404740018a9125735435409e996038d7504740cec5dff6047135404512bd8c625347407638ba4a778f3540cd3ffa264d4f47408813984eeba635401c23d923d45447406138d73043cf354035f0a31af6534740c45dbd8a8cde3540ce50dcf126574740c53c2b69c5f33540a379008bfc4e4740198c118942073640fc6eba6587524740daad65321c2b3640cd7344be4b4d4740516a2fa2ed2c3640983446eba8444740705d3123bc453640cf4d9b711a4047404ce2ac889a5036403337df88ee414740615111a793603640a7b393c1513647403b56293dd3733640c32d1f49493147406e313f3734ad3640dd408177f2334740),
(41, 'Bihor', _binary 0x000000000103000000010000002b0000002cf2eb87d89c3640739eb12fd9aa4740d33252efa98c36405320b3b3e8a54740b9c7d2872e803640addf4c4c179847407bfa08fce1973640ba2f67b62b884740008c67d0d0af3640855b3e92928647404da25ef069ba36409acfb9dbf5804740e8154f3dd2ac3640223317b83c7c474019e3c3ec65c73640eab12d03ce72474099bb96900fb63640c78157cb9d6147406f48a30227cb364047551344dd514740fbeb1516dccf36404852d2c3d048474017bce82b48c33640cd72d9e89c494740240ed940baac3640b0045262d74047406e313f3734ad3640dd408177f23347403b56293dd3733640c32d1f4949314740615111a793603640a7b393c1513647404ce2ac889a5036403337df88ee414740705d3123bc453640cf4d9b711a404740516a2fa2ed2c3640983446eba8444740daad65321c2b3640cd7344be4b4d4740198c118942073640fc6eba6587524740c53c2b69c5f33540a379008bfc4e4740c45dbd8a8cde3540ce50dcf1265747406138d73043cf354035f0a31af65347408813984eeba635401c23d923d45447407638ba4a778f3540cd3ffa264d4f4740cec5dff6047135404512bd8c625347408484285fd086354073d9e89c9f5e4740d9e89c9fe2843540a1116c5cff6a4740a2b5a2cd719a35407b134372326f4740626a4b1de4b935408dd13aaa9a8c4740c423f1f274ca35405e4a5d328e8d4740c231cb9e04da3540394371c79b9e4740f0de516342f03540f9f884ecbcaf474080457efd100336407cf31b261ab04740691d554d10093640a988d349b6b647408c135fed2806364083a279008bc247408b8ba3721321364061c614ac71cc4740f8544e7b4a2e3640ef3a1bf2cfcc47406553aef02e5736404227840ebabe474022e010aad45c36407768588cbab647401823128596753640d498107349b747402cf2eb87d89c3640739eb12fd9aa4740),
(42, 'Alba', _binary 0x0000000001030000000100000031000000fbeb1516dccf36404852d2c3d0484740774d486b0ce236404759bf9998444740f94a202576fd36405bcd3ae3fb464740618a7269fc0237404e27d9ea72404740c7832d76fb183740984c158c4a3c4740d0b9dbf5d224374098a3c7ef6d4047404be7c3b304453740087767edb63f4740569fabadd8573740726c3d4338444740a4c7ef6dfa7337407100fdbe7f434740ebe2361ac08337407380608e1e3f4740e412471e88983740268e3c10593e47403ab187f6b19a37404c6c3eae0d354740bedefdf15ead3740965b5a0d893947401538d906eee837408a1c226e4e3b4740e277d32d3bfc374092ea3bbf28374740abe97aa2ebfe3740d6ff39cc972f474021054f21572238400873bb97fb2a474077f35487dc2838404301dbc1882347400113b875373b384076a73b4f3c2147406fb88fdc9a3038407bd976da1a174740a3cedc43c2f73740c1c8cb9a58044740001de6cb0be43740d93d7958a80547404981053065dc37401555bfd2f9fc464086e28e37f9c53740ec3026fdbdf0464047c7d5c8aea03740a1478c9e5be0464094c151f2ea9837406364c91ccbd54640325871aab5a437405c38109205d2464059164cfc519c3740c9ad49b725c84640dae4f04927aa3740db89929048bf46407ee02a4f20b4374089963c9e96bf46404ed1915cfea337405a7ee02a4fba46408aaf7614e7983740f296ab1f9bbc4640d63a71395e8937404660ac6f60c646404ed367075c6b3740f06b2409c2cb4640f9f719170e6c3740a1664815c5d5464081221631ec5c3740e12538f581dc464082397afcde523740cb86359545eb46406c96cb46e7543740af3f89cf9df04640a20a7f86372f3740bde47ff277034740b0af75a9111637406e6de179a90847407afd497cee0c3740a0f99cbb5d1b47405987a3ab74fb3640586fd40ad31b474016a75a0bb3ec36400b62a06b5f2a4740d4450a65e1cf3640c3b7b06ebc29474031ed9bfbabbf3640ee5d83bef42c47406e313f3734ad3640dd408177f2334740240ed940baac3640b0045262d740474017bce82b48c33640cd72d9e89c494740fbeb1516dccf36404852d2c3d0484740),
(43, 'Vrancea', _binary 0x0000000001030000000100000024000000b5a679c7297e3b4063450da661144740ffec478ac8803b40b1a371a8df1147407b681f2bf86d3b403f53af5b040c4740de770c8ffd483b40d4f36e2c280a4740d943fb58c13b3b40efffe3840905474015580053063e3b40e9482eff21f94640b9a7ab3b165b3b40d80b056c07df464023bbd23252673b402dcdad1056d74640de73603942823b40501c40bfefcf4640111956f146863b40b2a19bfd81c24640f607ca6dfb8e3b4063d009a183be4640336dffca4a6f3b400f0ef62686b24640e92cb308c5663b4061527c7c42b04640cc9717601f453b4090a339b2f2b146409cdd5a26c3313b405bd07b6308ba4640dec9a7c7b6243b405c77f35487b446408d28ed0dbe003b409415c3d501be4640575c1c959bf83a403e247cef6fc4464068226c787ad53a40a52e19c748c24640c426327381bf3a403d7c992842c64640668522ddcfad3a406d6fb72407ce4640b7b8c667b2873a40f04dd36707d246408046e9d2bf703a40d253e41071e3464099ba2bbb60643a40cd920035b5e6464084ba48a12c603a406954e0641bf44640ca880b40a3703a40bb09be69fa044740ca1af5108d923a40683d7c992802474093fdf33460b43a40f2b56796040c47405bb22ac24dce3a409d499baa7b084740452c62d861ec3a40c119fcfd62084740f65d11fc6ffd3a40ff21fdf6750e4740098a1f63ee123b40a92f4b3b350b474049a12c7c7d213b407369fcc22b13474015c440d7be383b40bfb7e9cf7e184740bcce86fc334f3b4062d7f6764b1a4740b5a679c7297e3b4063450da661144740),
(44, 'Timiș', _binary 0x00000000010300000001000000400000007558e1968fb43440041f8315a7144740c425c79dd2c534405f7b66498012474081ed60c43ed53440c49448a2970b474043c9e4d4cef034407a724d81cc044740215b96afcb0c3540745e6397a804474073a087da361c35403f56f0db10fd46409b5775560b2c35406281afe8d6ff4640295c8fc2f53c35400dfe7e315bfc46409bc937dbdc48354014b4c9e193024740ace5ce4c30603540185dde1caeff46401cebe2361a843540d6027b4ca40847404a41b79734863540b804e09f52014740c23060c955a435401f680586acfc46404fcde50643b13540927538ba4af5464013807f4a95bc3540d1e7a38cb8fe46403f1d8f19a8cc35404ad235936ff64640f5ba4560acf735406b4ab20e47ff464096afcbf09f22364019e76f4221f6464022895e46b13836400ad9791b9bf346407d2079e7505a36403b71395e81fc46407429ae2afb6a3640f644d7851ff846404f3fa88b146236406cec12d55bf146406d7022fab57936407f4fac53e5e94640e886a6ecf4773640a439b2f2cbd84640cb4c69fd2d6d36409dbaf2599ed5464051a4fb3905513640b284b53176d44640ce8b135fed443640bce6559dd5ca464097ae601bf12c3640668522ddcfcd4640ee5d83bef41236405c92037635c94640c5591135d10736403d9b559fabbf4640172829b000f235406d904946cec04640952d9276a3eb35407aa69718cbc646401c23d923d4d435408ca03193a8c34640433866d993ac3540e9f17b9bfeca4640a94bc63192993540b83f170d19c94640083bc5aa4194354033a31f0da7c046402159c0046e75354044c2f7fe06bd4640b4ad669df17135401c60e63bf8b14640bbed42739d8635409cf86a4771aa4640410b09185d8e3540a60f5d50dfa246401286014bae7a354061a8c30ab79846400936ae7fd7333540e9ee3a1bf2a14640ab984a3fe12c354066dd3f16a2a94640aca92c0abb1835403b730f09dfa5464052b7b3af3c04354082548a1d8da94640713ac95697eb3440fb95ce8767b54640717500c45ddd3440dd25715644b74640dc291dacffd33440bad7497d59c44640e36bcf2c09c43440dc2e34d769ce4640c6a354c213ce3440c6c03a8e1fd44640289b728577cd34407f130a1170de4640772cb64945b3344054c8957a16e0464016f71f990ea934403cbd529621ea46400b9755d80c8434407c61325530f246401f317a6ea17b344019ada3aa09fa4640ba15c26a2c5934400c91d3d7f3ff46406b4606b98b58344062122ee4110647409c51f355f245344013807f4a950c4740185c7347ff4b3440eacc3d247c134740a7eb89ae0b5b3440ae2b6684b71547406f8104c58f75344010b1c1c24912474010406a13277f3440b742588d25184740d881734694a2344093a641d13c1047407558e1968fb43440041f8315a7144740),
(45, 'Maramureș', _binary 0x000000000103000000010000002e00000047020d3675f238407c9e3f6d54dd47407e8ae3c0ab05394044a4a65d4cd5474009c1aa7af9f53840130ce71a66cc47402c2d23f59ed238401d1f2dce18cc4740c8ec2c7aa7ce384049d8b79388c84740b763eaaeeca6384078d4981073c74740f39194f4306438405ed6c4025fcd47401afcfd62b63c3840a75d4c33ddbf474029780ab952273840b83b6bb75dc0474024b891b2451a3840787b1002f2b54740ef2076a6d0053840873254c554ae4740af601bf164d73740037ae1ce85ab474089601c5c3aba3740cade52ce17a94740d48041d2a7a13740520dfb3db1b2474009522976349237401d76df313cae4740cf6a813d267e37401a53b0c6d9ae4740e9818fc18a5b37404ce0d6dd3cb547403c4cfbe6fe2e37405b087250c2ba47406ee00ed4291b374073d9e89c9fb847409fac18ae0e083740c6dd205a2bbe474095b54df1b81037401901158e20c94740dbbfb2d2a4243740dfbf7971e2cf4740c2a6cea3e23b37409cf86a4771c647403354c554fa49374013d55b035bcb47409bc937dbdc5c3740b491eba694d94740dd5ed218ad4f3740fa9cbb5d2fe3474040a6b5696c73374046d1031f83e1474071c63027688f37400b26fe28eae6474012d90759169837406a696e85b0ec474063d1747632903740dc679599d2f84740bf2cedd45c7e374027a089b0e1fb474091d5ad9e93863740a4c519c39c0048407bdcb75a27aa37406a1492cceafd4740e9d2bf2495c537408a39083a5aff47403752b648dad93740bd3ac780ecf747401e1840f8500238400d6e6b0bcffb4740eb025e66d81c38405f28603b18f54740a9da6e826f3a384050c24cdbbff24740ca8b4cc0af613840997ff44d9af6474019575c1c956f3840d1402c9b39fc474059fca6b052953840dc82a5ba80fb474085ed27637cac3840ab75e272bcf2474083f92b64aeb4384067d7bd1589eb47404e97c5c4e6d3384021205f4205e9474019ca897615e238406c223317b8dc474047020d3675f238407c9e3f6d54dd4740);

-- Dumping structure for view harta_reciclarii.judete_geo_point_count
DROP TABLE IF EXISTS `judete_geo_point_count`;
-- Creating temporary table to overcome VIEW dependency errors
CREATE TABLE `judete_geo_point_count` (
                                          `id` INT(10) UNSIGNED NOT NULL,
                                          `name` VARCHAR(191) NOT NULL COLLATE 'utf8mb4_unicode_ci',
                                          `count_by_name` BIGINT(19) NOT NULL
) ENGINE=InnoDB;

-- Dumping structure for table harta_reciclarii.materials
DROP TABLE IF EXISTS `materials`;
CREATE TABLE IF NOT EXISTS `materials` (
                                           `id` int unsigned NOT NULL AUTO_INCREMENT,
                                           `name` varchar(191) COLLATE utf8mb4_unicode_ci NOT NULL,
    `icon` varchar(191) COLLATE utf8mb4_unicode_ci DEFAULT NULL,
    `order` int DEFAULT NULL,
    `parent` int unsigned DEFAULT NULL,
    `is_wildcard` tinyint(1) DEFAULT NULL,
    `created_at` timestamp NULL DEFAULT NULL,
    `updated_at` timestamp NOT NULL DEFAULT CURRENT_TIMESTAMP ON UPDATE CURRENT_TIMESTAMP,
    `external_material_id` int DEFAULT NULL,
    `external_url` varchar(191) COLLATE utf8mb4_unicode_ci DEFAULT NULL,
    PRIMARY KEY (`id`),
    UNIQUE KEY `materials_order_unique` (`order`),
    UNIQUE KEY `materials_is_wildcard_unique` (`is_wildcard`),
    KEY `materials_parent_foreign` (`parent`),
    CONSTRAINT `materials_parent_foreign` FOREIGN KEY (`parent`) REFERENCES `materials` (`id`)
    ) ENGINE=InnoDB AUTO_INCREMENT=1 DEFAULT CHARSET=utf8mb4 COLLATE=utf8mb4_unicode_ci;

-- Dumping data for table harta_reciclarii.materials: ~78 rows (approximately)
INSERT INTO `materials` (`id`, `name`, `icon`, `order`, `parent`, `is_wildcard`, `created_at`, `updated_at`, `external_material_id`, `external_url`) VALUES
 (1, 'Hârtie & carton', '/assets/map_icons/material/cat_harti_04.svg', 1, NULL, NULL, '2019-05-13 16:30:57', '2019-05-13 16:30:57', NULL, NULL),
 (2, 'Plastic & PET', '/assets/map_icons/material/cat_plast_07.svg', 2, NULL, NULL, '2019-05-13 16:30:57', '2019-05-13 16:30:57', NULL, NULL),
 (3, 'Metal & aluminiu', '/assets/map_icons/material/cat_metal_06.svg', 3, NULL, NULL, '2019-05-13 16:30:57', '2019-05-13 16:30:57', NULL, NULL),
 (4, 'Electrice & electronice', '/assets/map_icons/material/cat_deee_03.svg', 4, NULL, NULL, '2019-05-13 16:30:57', '2019-05-13 16:30:57', NULL, NULL),
 (5, 'Sticlă', '/assets/map_icons/material/cat_sticl_09.svg', 5, NULL, NULL, '2019-05-13 16:30:57', '2019-05-13 16:30:57', NULL, NULL),
 (6, 'Periculoase', '/assets/map_icons/material/cat_perico_08.svg', 6, NULL, NULL, '2019-05-13 16:30:57', '2019-05-13 16:30:57', NULL, NULL),
 (7, 'Automoto', '/assets/map_icons/material/cat_auto_01.svg', 7, NULL, NULL, '2019-05-13 16:30:57', '2019-05-13 16:30:57', NULL, NULL),
 (8, 'Construcții', '/assets/map_icons/material/cat_const_02.svg', 8, NULL, NULL, '2019-05-13 16:30:57', '2019-05-13 16:30:57', NULL, NULL),
 (9, 'Lemn', '/assets/map_icons/material/cat_lemn_05.svg', 9, NULL, NULL, '2019-05-13 16:30:57', '2019-05-13 16:30:57', NULL, NULL),
 (10, 'Textile', '/assets/map_icons/material/cat_texti_10.svg', 10, NULL, NULL, '2019-05-13 16:30:57', '2019-05-13 16:30:57', NULL, NULL),
 (11, 'Altele', '/assets/map_icons/material/cat_alte_11.svg', 11, NULL, NULL, '2019-05-13 16:30:57', '2019-05-13 16:30:57', NULL, NULL),
 (12, 'Lista completă', '/assets/map_icons/material/cat_frecv_12.svg', 12, NULL, 1, '2019-05-13 16:30:57', '2019-05-13 16:30:57', NULL, NULL),
 (13, 'Carton', NULL, NULL, 1, NULL, '2019-05-13 16:30:57', '2019-06-19 19:35:53', 374, '/category/hartie-si-carton/carton'),
 (14, 'Hârtie', NULL, NULL, 1, NULL, '2019-05-13 16:30:57', '2019-06-19 19:35:53', 360, '/category/hartie-si-carton/hartie'),
 (15, 'PET', NULL, NULL, 2, NULL, '2019-05-13 16:30:57', '2019-06-19 19:35:53', 297, '/category/plastic-pet/pet'),
 (16, 'Flacon plastic (ex: detergent, șampon s.a.)', NULL, NULL, 2, NULL, '2019-05-13 16:30:57', '2019-06-19 19:35:53', NULL, NULL),
 (17, 'Lădițe', NULL, NULL, 2, NULL, '2019-05-13 16:30:57', '2019-06-19 19:35:53', 416, '/category/plastic-pet/ladite'),
 (18, 'Folie plastic', NULL, NULL, 2, NULL, '2019-05-13 16:30:57', '2019-05-26 20:49:25', 418, '/category/plastic-pet/folie-plastic-incolora-exbaxuri-de-apa'),
 (19, 'Alte tipuri de plastic', NULL, NULL, 2, NULL, '2019-05-13 16:30:57', '2019-06-19 19:35:53', 414, '/category/plastic-pet/alte-tipuri-de-plastic'),
 (20, 'Doze de aluminiu', NULL, NULL, 3, NULL, '2019-05-13 16:30:57', '2019-06-19 19:35:53', 438, '/category/metal-si-aluminiu/doze-de-aluminiu'),
 (21, 'Folie de aluminiu', NULL, NULL, 3, NULL, '2019-05-13 16:30:57', '2019-05-26 20:49:25', 440, '/category/metal-si-aluminiu/folie-de-aluminiu'),
 (22, 'Tuburi de aluminiu cu aerosoli', NULL, NULL, 3, NULL, '2019-05-13 16:30:57', '2019-05-26 20:49:25', 442, '/category/metal-si-aluminiu/tuburi-de-aluminiu-cu-aerosoli'),
 (23, 'Capace de metal', NULL, NULL, 3, NULL, '2019-05-13 16:30:57', '2019-05-26 20:49:25', 444, '/category/metal-si-aluminiu/capace-de-metal'),
 (24, 'Cutii de conserve', NULL, NULL, 3, NULL, '2019-05-13 16:30:57', '2019-05-26 20:49:25', 446, '/category/metal-si-aluminiu/cutii-de-conserve'),
 (25, 'Alamă', NULL, NULL, 3, NULL, '2019-05-13 16:30:57', '2019-06-19 19:35:53', 448, '/category/metal-si-aluminiu/alama'),
 (26, 'Alte obiecte din Aluminiu (ex. lumanari tip „pastila”)', NULL, NULL, 3, NULL, '2019-05-13 16:30:57', '2019-06-19 19:35:53', NULL, NULL),
 (27, 'Bronz', NULL, NULL, 3, NULL, '2019-05-13 16:30:57', '2019-06-19 19:35:53', 452, '/category/metal-si-aluminiu/bronz'),
 (28, 'Cupru', NULL, NULL, 3, NULL, '2019-05-13 16:30:57', '2019-06-19 19:35:53', 454, '/category/metal-si-aluminiu/cupru'),
 (29, 'Fier', NULL, NULL, 3, NULL, '2019-05-13 16:30:57', '2019-06-19 19:35:53', 456, '/category/metal-si-aluminiu/fier'),
 (30, 'Fontă', NULL, NULL, 3, NULL, '2019-05-13 16:30:57', '2019-06-19 19:35:53', 458, '/category/metal-si-aluminiu/fonta'),
 (31, 'Inox', NULL, NULL, 3, NULL, '2019-05-13 16:30:57', '2019-06-19 19:35:53', 460, '/category/metal-si-aluminiu/inox'),
 (32, 'Oțel', NULL, NULL, 3, NULL, '2019-05-13 16:30:57', '2019-06-19 19:35:53', 462, '/category/metal-si-aluminiu/otel'),
 (33, 'Plumb', NULL, NULL, 3, NULL, '2019-05-13 16:30:57', '2019-06-19 19:35:53', 464, '/category/metal-si-aluminiu/plumb'),
 (34, 'Zinc', NULL, NULL, 3, NULL, '2019-05-13 16:30:57', '2019-06-19 19:35:53', 466, '/category/metal-si-aluminiu/zinc'),
 (35, 'Deseuri electrice, electronice si electrocasnice mici', NULL, NULL, 4, NULL, '2019-05-13 16:30:57', '2019-06-19 19:35:53', NULL, NULL),
 (36, 'Deseuri electrice, electronice si electrocasnice mari', NULL, NULL, 4, NULL, '2019-05-13 16:30:57', '2019-06-19 19:35:53', NULL, NULL),
 (37, 'Telefoane mobile', NULL, NULL, 4, NULL, '2019-05-13 16:30:57', '2019-05-26 20:49:25', 386, '/category/electrice-electronice/telefoane-mobile'),
 (38, 'Baterii', NULL, NULL, 4, NULL, '2019-05-13 16:30:57', '2019-06-19 19:35:53', 388, '/category/electrice-electronice/baterii'),
 (39, 'Becuri, neoane, Led', NULL, NULL, 4, NULL, '2019-05-13 16:30:57', '2019-05-26 20:49:25', 398, '/category/electrice-electronice/becuri-neoane-led'),
 (40, 'Cartușe și toner de imprimantă', NULL, NULL, 4, NULL, '2019-05-13 16:30:57', '2019-05-26 20:49:25', 402, '/category/electrice-electronice/cartuse-si-toner-de-imprimanta'),
 (41, 'Sticlă / Borcane', NULL, NULL, 5, NULL, '2019-05-13 16:30:57', '2019-06-19 19:35:53', NULL, NULL),
 (42, 'Îngrășăminte', NULL, NULL, 6, NULL, '2019-05-13 16:30:57', '2019-05-26 20:49:25', 504, '/category/periculoase/ingrasaminte'),
 (43, 'Erbicide', NULL, NULL, 6, NULL, '2019-05-13 16:30:57', '2019-06-19 19:35:53', 502, '/category/periculoase/erbicide'),
 (44, 'Pesticide', NULL, NULL, 6, NULL, '2019-05-13 16:30:57', '2019-06-19 19:35:53', 500, '/category/periculoase/pesticide'),
 (45, 'Vopsea', NULL, NULL, 6, NULL, '2019-05-13 16:30:57', '2019-06-19 19:35:53', 498, '/category/periculoase/vopsea'),
 (46, 'Solvenți', NULL, NULL, 6, NULL, '2019-05-13 16:30:57', '2019-06-19 19:35:53', 496, '/category/periculoase/solventi'),
 (47, 'Medicamente', NULL, NULL, 6, NULL, '2019-05-13 16:30:57', '2019-06-19 19:35:53', 494, '/category/periculoase/medicamente'),
 (48, 'Parbrize/geamuri auto (sticlă)', NULL, NULL, 7, NULL, '2019-05-13 16:30:57', '2019-05-26 20:49:25', 331, '/category/automoto/parbrize-geamuri-auto-sticla'),
 (49, 'Alte componente metalice, plastice automoto', NULL, NULL, 7, NULL, '2019-05-13 16:30:57', '2019-05-26 20:49:25', 326, '/category/automoto/alte-componente-metalice-plastice-automoto'),
 (50, 'Filtre auto', NULL, NULL, 7, NULL, '2019-05-13 16:30:57', '2019-06-19 19:35:53', 329, '/category/automoto/filtre-auto'),
 (51, 'Vehicule scoase din uz (VSU)', NULL, NULL, 7, NULL, '2019-05-13 16:30:57', '2019-05-26 20:49:25', 323, '/category/automoto/vehicule-scoase-din-uz-vsu'),
 (52, 'Radiatoare', NULL, NULL, 7, NULL, '2019-05-13 16:30:57', '2019-05-26 20:49:25', 321, '/category/automoto/radiatoare'),
 (53, 'Ulei auto', NULL, NULL, 7, NULL, '2019-05-13 16:30:57', '2019-06-19 19:35:53', 318, '/category/automoto/ulei-auto'),
 (54, 'Anvelope', NULL, NULL, 7, NULL, '2019-05-13 16:30:57', '2019-05-26 20:49:25', 315, '/category/automoto/anvelope'),
 (55, 'Acumulatori auto', NULL, NULL, 7, NULL, '2019-05-13 16:30:57', '2019-05-26 20:49:25', 313, '/category/automoto/acumulatori-auto'),
 (56, 'Geamuri, polistiren, PVC (rame termopan)', NULL, NULL, 8, NULL, '2019-05-13 16:30:57', '2019-05-26 20:49:25', 344, '/category/constructii/geamuri-polistiren-pvc-rame-termopan'),
 (57, 'Tablă', NULL, NULL, 8, NULL, '2019-05-13 16:30:57', '2019-06-19 19:35:53', 341, '/category/constructii/tabla'),
 (58, 'Uși, grinzi, alte lemne din demolări', NULL, NULL, 8, NULL, '2019-05-13 16:30:57', '2019-05-26 20:49:25', 339, '/category/constructii/usi-grinzi-alte-lemne-din-demolari'),
 (59, 'Cărămizi, beton, moloz', NULL, NULL, 8, NULL, '2019-05-13 16:30:57', '2019-05-26 20:49:25', 337, '/category/constructii/caramizi-beton-moloz'),
 (60, 'Azbest', NULL, NULL, 8, NULL, '2019-05-13 16:30:57', '2019-06-19 19:35:53', 335, '/category/constructii/azbest'),
 (61, 'Paleți', NULL, NULL, 9, NULL, '2019-05-13 16:30:57', '2019-06-19 19:35:53', 356, '/category/lemn/paleti'),
 (62, 'Rumeguș', NULL, NULL, 9, NULL, '2019-05-13 16:30:57', '2019-05-26 20:49:25', 351, '/category/lemn/rumegus'),
 (63, 'Mobilă din lemn', NULL, NULL, 9, NULL, '2019-05-13 16:30:57', '2019-05-26 20:49:25', 349, '/category/lemn/mobila-din-lemn'),
 (64, 'Haine', NULL, NULL, 10, NULL, '2019-05-13 16:30:57', '2019-06-19 19:35:53', 468, '/category/textile/haine'),
 (65, 'Incălțăminte', NULL, NULL, 10, NULL, '2019-05-13 16:30:57', '2019-06-19 19:35:53', NULL, NULL),
 (66, 'Genți', NULL, NULL, 10, NULL, '2019-05-13 16:30:57', '2019-06-19 19:35:53', 472, '/category/textile/genti'),
 (67, 'Deșeuri textile pre-producție', NULL, NULL, 10, NULL, '2019-05-13 16:30:57', '2019-05-26 20:49:25', 474, '/category/textile/deseuri-textile-pre-productie'),
 (68, 'Alte textile  (ex lenjerii pat)', NULL, NULL, 10, NULL, '2019-05-13 16:30:57', '2019-05-26 20:49:25', 476, '/category/textile/alte-textile-ex-lenjerii-pat'),
 (69, 'ABS', NULL, NULL, 11, NULL, '2019-05-13 16:30:57', '2019-06-19 19:35:53', 478, '/category/altele/abs'),
 (70, 'Filtre de apă', NULL, NULL, 11, NULL, '2019-05-13 16:30:57', '2019-05-26 20:49:25', 480, '/category/altele/filtre-de-apa'),
 (71, 'Fibră optică', NULL, NULL, 11, NULL, '2019-05-13 16:30:57', '2019-05-26 20:49:25', 482, '/category/altele/fibra-optica'),
 (72, 'Jucării', NULL, NULL, 11, NULL, '2019-05-13 16:30:57', '2019-05-26 20:49:25', 882, '/category/altele/jucarii'),
 (73, 'Ulei alimentar uzat', NULL, NULL, 11, NULL, '2019-05-13 16:30:57', '2019-05-26 20:49:25', 484, '/category/altele/ulei-alimentar-uzat'),
 (74, 'Grăsimi alimentare', NULL, NULL, 11, NULL, '2019-05-13 16:30:57', '2019-06-19 19:35:53', 486, '/category/altele/grasimi-alimentare'),
 (75, 'Tetra Pak (cutii de lapte, suc)', NULL, NULL, 11, NULL, '2019-05-13 16:30:57', '2019-05-26 20:49:25', 488, '/category/altele/tetrapack-cutii-de-lapte-suc'),
 (76, 'Mesh-uri publicitare', NULL, NULL, 11, NULL, '2019-05-13 16:30:57', '2019-05-26 20:49:25', 490, '/category/altele/mesh-uri-publicitare'),
 (77, 'Deșeuri organice (deseuri vegetale, resturi alimentare)', NULL, NULL, 11, NULL, '2019-05-13 16:30:57', '2019-06-19 19:35:53', NULL, NULL),
 (78, 'Masti faciale', NULL, NULL, 6, NULL, '2021-03-31 19:23:00', '2021-03-31 19:23:00', 2354, '/category/periculoase/masti-faciale');

-- Dumping structure for table harta_reciclarii.material_aliases
DROP TABLE IF EXISTS `material_aliases`;
CREATE TABLE IF NOT EXISTS `material_aliases` (
                                                  `id` int unsigned NOT NULL AUTO_INCREMENT,
                                                  `parent` int unsigned NOT NULL,
                                                  `alias` varchar(191) COLLATE utf8mb4_unicode_ci NOT NULL,
    `created_at` timestamp NULL DEFAULT NULL,
    `updated_at` timestamp NOT NULL DEFAULT CURRENT_TIMESTAMP ON UPDATE CURRENT_TIMESTAMP,
    PRIMARY KEY (`id`),
    KEY `material_aliases_parent_foreign` (`parent`),
    CONSTRAINT `material_aliases_parent_foreign` FOREIGN KEY (`parent`) REFERENCES `materials` (`id`)
    ) ENGINE=InnoDB AUTO_INCREMENT=1 DEFAULT CHARSET=utf8mb4 COLLATE=utf8mb4_unicode_ci;

-- Dumping data for table harta_reciclarii.material_aliases: ~121 rows (approximately)
INSERT INTO `material_aliases` (`id`, `parent`, `alias`, `updated_at`, `created_at`) VALUES
(1, 55, 'Baterie masina', '2023-10-03 12:05:10', NULL),
(2, 50, 'Filtru de apa', '2023-10-03 12:05:10', NULL),
(3, 50, 'Filtru de ulei', '2023-10-03 12:05:10', NULL),
(5, 59, 'Sol', '2023-10-03 12:05:10', NULL),
(6, 14, 'Hârtie de birou', '2023-10-03 12:05:10', NULL),
(7, 14, 'Hârtie tocată', '2023-10-03 12:05:10', NULL),
(8, 14, 'Ziare', '2023-10-03 12:05:10', NULL),
(9, 14, 'Reviste', '2023-10-03 12:05:10', NULL),
(10, 14, 'Cărți', '2023-10-03 12:05:10', NULL),
(11, 14, 'Caiete', '2023-10-03 12:05:10', NULL),
(13, 14, 'Hârtie kraft', '2023-10-03 12:05:10', NULL),
(14, 13, 'Cutii de carton', '2023-10-03 12:05:10', NULL),
(15, 13, 'Cofraje de ouă', '2023-10-03 12:05:10', NULL),
(16, 13, 'Role de carton', '2023-10-03 12:05:10', NULL),
(18, 35, 'Accesorii telefoane', '2023-10-03 12:05:10', NULL),
(19, 35, 'Echipamente de iluminat', '2023-10-03 12:05:10', NULL),
(20, 35, 'Cabluri electrice', '2023-10-03 12:05:10', NULL),
(21, 35, 'Prelungitoare', '2023-10-03 12:05:10', NULL),
(22, 35, 'Fier de calcat', '2023-10-03 12:05:10', NULL),
(27, 38, 'Acumulatori', '2023-10-03 12:05:10', NULL),
(28, 39, 'Tuburi fluorescente', '2023-10-03 12:05:10', NULL),
(29, 15, 'Sticla bere', '2023-10-03 12:05:10', NULL),
(30, 15, 'Sticla apa', '2023-10-03 12:05:10', NULL),
(31, 15, 'Sticla suc', '2023-10-03 12:05:10', NULL),
(32, 15, 'PET', '2023-10-03 12:05:10', NULL),
(33, 15, 'Sticla de lapte', '2023-10-03 12:05:10', NULL),
(38, 19, 'Ambalaje alimentare din plastic', '2023-10-03 12:05:10', NULL),
(39, 19, 'Caserole alimentare polistiren', '2023-10-03 12:05:10', NULL),
(40, 19, 'Caserole alimentare din PET', '2023-10-03 12:05:10', NULL),
(41, 19, 'Pungi de plastic', '2023-10-03 12:05:10', NULL),
(43, 19, 'Butoaie', '2023-10-03 12:05:10', NULL),
(45, 13, 'felicitari', '2023-10-03 12:05:10', NULL),
(46, 13, 'carti postale', '2023-10-03 12:05:10', NULL),
(47, 14, 'plicuri', '2023-10-03 12:05:10', NULL),
(48, 19, 'ghivece', '2023-10-03 12:05:10', NULL),
(49, 19, 'tavi din plastic', '2023-10-03 12:05:10', NULL),
(50, 19, 'galeti', '2023-10-03 12:05:10', NULL),
(51, 19, 'sacose rafie', '2023-10-03 12:05:10', NULL),
(52, 19, 'saci rafie', '2023-10-03 12:05:10', NULL),
(53, 41, 'sticla', '2023-10-03 12:05:10', NULL),
(54, 41, 'borcane', '2023-10-03 12:05:10', NULL),
(55, 50, 'filtru de praf', '2023-10-03 12:05:10', NULL),
(56, 50, 'filtru particule', '2023-10-03 12:05:10', NULL),
(57, 54, 'cauciucuri', '2023-10-03 12:05:10', NULL),
(58, 77, 'deșeuri vegetale', '2023-10-03 12:05:10', NULL),
(59, 77, 'resturi alimentare', '2023-10-03 12:05:10', NULL),
(60, 26, 'alte obiecte din aluminiu (ex. lumanari tip „pastila”)', '2023-10-03 12:05:10', NULL),
(62, 35, 'deseuri electrice, electronice si electrocasnice mici', '2023-10-03 12:05:10', NULL),
(63, 36, 'accesorii telefoane', '2023-10-03 12:05:10', NULL),
(64, 36, 'echipamente de iluminat', '2023-10-03 12:05:10', NULL),
(65, 36, 'cabluri electrice', '2023-10-03 12:05:10', NULL),
(66, 36, 'prelungitoare', '2023-10-03 12:05:10', NULL),
(67, 36, 'fier de calcat', '2023-10-03 12:05:10', NULL),
(68, 36, 'deseuri electrice, electronice si electrocasnice mici', '2023-10-03 12:05:10', NULL),
(69, 13, 'Carton', '2023-10-03 12:05:10', NULL),
(70, 14, 'Hârtie', '2023-10-03 12:05:10', NULL),
(72, 17, 'Lădițe', '2023-10-03 12:05:10', NULL),
(73, 18, 'Folie plastic', '2023-10-03 12:05:10', NULL),
(74, 19, 'Alte tipuri de plastic', '2023-10-03 12:05:10', NULL),
(75, 20, 'Doze de aluminiu', '2023-10-03 12:05:10', NULL),
(77, 22, 'Tuburi de aluminiu cu aerosoli', '2023-10-03 12:05:10', NULL),
(78, 23, 'Capace de metal', '2023-10-03 12:05:10', NULL),
(79, 24, 'Cutii de conserve', '2023-10-03 12:05:10', NULL),
(80, 25, 'Alamă', '2023-10-03 12:05:10', NULL),
(81, 27, 'Bronz', '2023-10-03 12:05:10', NULL),
(82, 28, 'Cupru', '2023-10-03 12:05:10', NULL),
(83, 29, 'Fier', '2023-10-03 12:05:10', NULL),
(84, 30, 'Fontă', '2023-10-03 12:05:10', NULL),
(85, 31, 'Inox', '2023-10-03 12:05:10', NULL),
(86, 32, 'Oțel', '2023-10-03 12:05:10', NULL),
(87, 33, 'Plumb', '2023-10-03 12:05:10', NULL),
(88, 34, 'Zinc', '2023-10-03 12:05:10', NULL),
(89, 37, 'Telefoane mobile', '2023-10-03 12:05:10', NULL),
(90, 38, 'Baterii', '2023-10-03 12:05:10', NULL),
(91, 39, 'Becuri, neoane, LED', '2023-10-03 12:05:10', NULL),
(92, 40, 'Cartușe și toner de imprimantă', '2023-10-03 12:05:10', NULL),
(93, 41, 'Sticlă/borcane', '2023-10-03 12:05:10', NULL),
(94, 42, 'Îngrășăminte', '2023-10-03 12:05:10', NULL),
(95, 43, 'Erbicide', '2023-10-03 12:05:10', NULL),
(96, 44, 'Pesticide', '2023-10-03 12:05:10', NULL),
(97, 45, 'Vopsea', '2023-10-03 12:05:10', NULL),
(98, 46, 'Solvenți', '2023-10-03 12:05:10', NULL),
(99, 47, 'Medicamente', '2023-10-03 12:05:10', NULL),
(100, 48, 'Parbrize/geamuri auto (sticlă)', '2023-10-03 12:05:10', NULL),
(101, 49, 'Alte componente metalice, plastice automoto', '2023-10-03 12:05:10', NULL),
(102, 50, 'Filtre auto', '2023-10-03 12:05:10', NULL),
(103, 51, 'Vehicule scoase din uz (VSU)', '2023-10-03 12:05:10', NULL),
(104, 52, 'Radiatoare', '2023-10-03 12:05:10', NULL),
(105, 53, 'Ulei auto', '2023-10-03 12:05:10', NULL),
(106, 54, 'Anvelope', '2023-10-03 12:05:10', NULL),
(107, 55, 'Acumulatori auto', '2023-10-03 12:05:10', NULL),
(108, 56, 'Geamuri, polistiren, PVC (rame termopan)', '2023-10-03 12:05:10', NULL),
(109, 57, 'Tablă', '2023-10-03 12:05:10', NULL),
(110, 58, 'Uși, grinzi, alte lemne din demolări', '2023-10-03 12:05:10', NULL),
(111, 59, 'Cărămizi, beton, moloz', '2023-10-03 12:05:10', NULL),
(112, 60, 'Azbest', '2023-10-03 12:05:10', NULL),
(113, 61, 'Paleți', '2023-10-03 12:05:10', NULL),
(114, 62, 'Rumeguș', '2023-10-03 12:05:10', NULL),
(115, 63, 'Mobilă din lemn', '2023-10-03 12:05:10', NULL),
(116, 64, 'Haine', '2023-10-03 12:05:10', NULL),
(117, 65, 'Încălțăminte', '2023-10-03 12:05:10', NULL),
(118, 66, 'Genți', '2023-10-03 12:05:10', NULL),
(119, 67, 'Deșeuri textile pre-producție', '2023-10-03 12:05:10', NULL),
(121, 69, 'ABS', '2023-10-03 12:05:10', NULL),
(122, 70, 'Filtre de apă', '2023-10-03 12:05:10', NULL),
(123, 71, 'Fibră optică', '2023-10-03 12:05:10', NULL),
(124, 72, 'Jucării', '2023-10-03 12:05:10', NULL),
(125, 73, 'Ulei alimentar uzat', '2023-10-03 12:05:10', NULL),
(126, 74, 'Grăsimi alimentare', '2023-10-03 12:05:10', NULL),
(128, 76, 'Mesh-uri publicitare', '2023-10-03 12:05:10', NULL),
(129, 77, 'Deșeuri organice (deșeuri vegetale, resturi alimentare)', '2023-10-03 12:05:10', NULL),
(131, 15, 'recipient PET', '2023-10-03 12:05:10', NULL),
(132, 15, 'flacon', '2023-10-03 12:05:10', NULL),
(133, 15, 'recipient bauturi din PET', '2023-10-03 12:05:10', NULL),
(134, 21, 'Folia de aluminiu', '2023-10-03 12:05:10', NULL),
(135, 68, 'Alte textile (ex. lenjerii pat)', '2023-10-03 12:05:10', NULL),
(137, 76, 'bannere publicitare', '2023-10-03 12:05:10', NULL),
(138, 78, 'Măști faciale', '2023-10-03 12:05:10', NULL),
(140, 75, 'Tetra Pak (cutii de lapte, suc)', '2023-10-03 12:05:10', NULL),
(143, 55, 'test', '2023-10-03 09:10:52', '2023-10-03 09:10:52'),
(144, 55, 'test 2', '2023-10-03 09:11:02', '2023-10-03 09:11:02');

-- Dumping structure for table harta_reciclarii.material_recycling_point
DROP TABLE IF EXISTS `material_recycling_point`;
CREATE TABLE IF NOT EXISTS `material_recycling_point` (
                                                          `id` int unsigned NOT NULL AUTO_INCREMENT,
                                                          `material_id` int unsigned NOT NULL,
                                                          `recycling_point_id` int unsigned NOT NULL,
                                                          `upvotes` int NOT NULL DEFAULT '0',
                                                          `downvotes` int NOT NULL DEFAULT '0',
                                                          `created_at` timestamp NULL DEFAULT NULL,
                                                          `updated_at` timestamp NOT NULL DEFAULT CURRENT_TIMESTAMP ON UPDATE CURRENT_TIMESTAMP,
                                                          PRIMARY KEY (`id`),
    KEY `material_id_idx` (`material_id`),
    KEY `recycling_point_idx` (`recycling_point_id`),
    CONSTRAINT `material_recycling_point_material_id_foreign` FOREIGN KEY (`material_id`) REFERENCES `materials` (`id`) ON DELETE CASCADE
    ) ENGINE=InnoDB AUTO_INCREMENT=1 DEFAULT CHARSET=utf8mb4 COLLATE=utf8mb4_unicode_ci;

INSERT INTO `material_recycling_point` (`id`, `material_id`, `recycling_point_id`, `upvotes`, `downvotes`, `created_at`, `updated_at`) VALUES
(1, 13, 1, 0, 0, NULL, NULL),
(2, 14, 1, 0, 0, NULL, NULL),
(3, 16, 1, 0, 0, NULL, NULL),
(4, 17, 1, 0, 0, NULL, NULL),
(5, 20, 1, 0, 0, NULL, NULL),
(6, 21, 1, 0, 0, NULL, NULL),
(7, 23, 1, 0, 0, NULL, NULL),
(8, 24, 1, 0, 0, NULL, NULL),
(9, 25, 1, 0, 0, NULL, NULL),
(10, 26, 1, 0, 0, NULL, NULL),
(11, 27, 1, 0, 0, NULL, NULL),
(12, 28, 1, 0, 0, NULL, NULL),
(13, 29, 1, 0, 0, NULL, NULL),
(14, 30, 1, 0, 0, NULL, NULL),
(15, 31, 1, 0, 0, NULL, NULL),
(16, 32, 1, 0, 0, NULL, NULL),
(17, 33, 1, 0, 0, NULL, NULL),
(18, 34, 1, 0, 0, NULL, NULL),
(19, 35, 1, 0, 0, NULL, NULL),
(20, 38, 1, 0, 0, NULL, NULL),
(21, 52, 1, 0, 0, NULL, NULL),
(22, 54, 1, 0, 0, NULL, NULL),
(23, 55, 1, 0, 0, NULL, NULL),
(24, 56, 1, 0, 0, NULL, NULL),
(25, 57, 1, 0, 0, NULL, NULL),
(26, 67, 1, 0, 0, NULL, NULL),
(62, 35, 3, 0, 0, NULL, NULL),
(63, 36, 3, 0, 0, NULL, NULL),
(64, 37, 3, 0, 0, NULL, NULL),
(65, 38, 3, 0, 0, NULL, NULL),
(66, 39, 3, 0, 0, NULL, NULL),
(67, 35, 4, 0, 0, NULL, NULL),
(68, 36, 4, 0, 0, NULL, NULL),
(69, 37, 4, 0, 0, NULL, NULL),
(70, 38, 4, 0, 0, NULL, NULL),
(71, 39, 4, 0, 0, NULL, NULL),
(72, 35, 5, 0, 0, NULL, NULL),
(73, 36, 5, 0, 0, NULL, NULL),
(74, 37, 5, 0, 0, NULL, NULL),
(75, 38, 5, 0, 0, NULL, NULL),
(76, 39, 5, 0, 0, NULL, NULL),
(77, 35, 6, 0, 0, NULL, NULL),
(78, 36, 6, 0, 0, NULL, NULL),
(79, 37, 6, 0, 0, NULL, NULL),
(80, 38, 6, 0, 0, NULL, NULL),
(81, 39, 6, 0, 0, NULL, NULL),
(82, 35, 7, 0, 0, NULL, NULL),
(83, 36, 7, 0, 0, NULL, NULL),
(84, 37, 7, 0, 0, NULL, NULL),
(85, 38, 7, 0, 0, NULL, NULL),
(86, 39, 7, 0, 0, NULL, NULL),
(87, 35, 8, 0, 0, NULL, NULL),
(88, 36, 8, 0, 0, NULL, NULL),
(89, 37, 8, 0, 0, NULL, NULL),
(90, 38, 8, 0, 0, NULL, NULL),
(91, 39, 8, 0, 0, NULL, NULL),
(121, 13, 10, 0, 0, NULL, NULL),
(122, 14, 10, 0, 0, NULL, NULL),
(123, 20, 10, 0, 0, NULL, NULL),
(124, 23, 10, 0, 0, NULL, NULL),
(125, 24, 10, 0, 0, NULL, NULL),
(126, 25, 10, 0, 0, NULL, NULL),
(127, 26, 10, 0, 0, NULL, NULL),
(128, 27, 10, 0, 0, NULL, NULL),
(129, 28, 10, 0, 0, NULL, NULL),
(130, 29, 10, 0, 0, NULL, NULL),
(131, 30, 10, 0, 0, NULL, NULL),
(132, 31, 10, 0, 0, NULL, NULL),
(133, 32, 10, 0, 0, NULL, NULL),
(134, 33, 10, 0, 0, NULL, NULL),
(135, 34, 10, 0, 0, NULL, NULL),
(136, 38, 10, 0, 0, NULL, NULL),
(137, 51, 10, 0, 0, NULL, NULL),
(138, 52, 10, 0, 0, NULL, NULL),
(139, 55, 10, 0, 0, NULL, NULL),
(140, 56, 10, 0, 0, NULL, NULL),
(141, 57, 10, 0, 0, NULL, NULL),
(142, 13, 11, 0, 0, NULL, NULL),
(143, 14, 11, 0, 0, NULL, NULL),
(144, 16, 11, 0, 0, NULL, NULL),
(145, 17, 11, 0, 0, NULL, NULL),
(146, 20, 11, 0, 0, NULL, NULL),
(147, 21, 11, 0, 0, NULL, NULL),
(148, 22, 11, 0, 0, NULL, NULL),
(149, 23, 11, 0, 0, NULL, NULL),
(150, 24, 11, 0, 0, NULL, NULL),
(151, 25, 11, 0, 0, NULL, NULL),
(152, 26, 11, 0, 0, NULL, NULL),
(153, 27, 11, 0, 0, NULL, NULL),
(154, 28, 11, 0, 0, NULL, NULL),
(155, 29, 11, 0, 0, NULL, NULL),
(156, 30, 11, 0, 0, NULL, NULL),
(157, 31, 11, 0, 0, NULL, NULL),
(158, 32, 11, 0, 0, NULL, NULL),
(159, 33, 11, 0, 0, NULL, NULL),
(160, 34, 11, 0, 0, NULL, NULL),
(161, 35, 11, 0, 0, NULL, NULL),
(162, 36, 11, 0, 0, NULL, NULL),
(163, 37, 11, 0, 0, NULL, NULL),
(164, 38, 11, 0, 0, NULL, NULL),
(165, 39, 11, 0, 0, NULL, NULL),
(166, 40, 11, 0, 0, NULL, NULL),
(167, 42, 11, 0, 0, NULL, NULL),
(168, 43, 11, 0, 0, NULL, NULL),
(169, 44, 11, 0, 0, NULL, NULL),
(170, 45, 11, 0, 0, NULL, NULL),
(171, 46, 11, 0, 0, NULL, NULL),
(172, 47, 11, 0, 0, NULL, NULL),
(173, 50, 11, 0, 0, NULL, NULL),
(174, 51, 11, 0, 0, NULL, NULL),
(175, 52, 11, 0, 0, NULL, NULL),
(176, 53, 11, 0, 0, NULL, NULL),
(177, 54, 11, 0, 0, NULL, NULL),
(178, 55, 11, 0, 0, NULL, NULL),
(179, 56, 11, 0, 0, NULL, NULL),
(180, 57, 11, 0, 0, NULL, NULL),
(181, 58, 11, 0, 0, NULL, NULL),
(182, 59, 11, 0, 0, NULL, NULL),
(183, 60, 11, 0, 0, NULL, NULL),
(184, 61, 11, 0, 0, NULL, NULL),
(185, 63, 11, 0, 0, NULL, NULL),
(186, 64, 11, 0, 0, NULL, NULL),
(187, 65, 11, 0, 0, NULL, NULL),
(188, 66, 11, 0, 0, NULL, NULL),
(189, 67, 11, 0, 0, NULL, NULL),
(190, 68, 11, 0, 0, NULL, NULL),
(191, 69, 11, 0, 0, NULL, NULL),
(192, 70, 11, 0, 0, NULL, NULL),
(193, 71, 11, 0, 0, NULL, NULL),
(194, 73, 11, 0, 0, NULL, NULL),
(195, 74, 11, 0, 0, NULL, NULL),
(196, 75, 11, 0, 0, NULL, NULL),
(197, 76, 11, 0, 0, NULL, NULL),
(198, 77, 11, 0, 0, NULL, NULL);

-- Dumping structure for table harta_reciclarii.migrations
DROP TABLE IF EXISTS `migrations`;
CREATE TABLE IF NOT EXISTS `migrations` (
                                            `id` int unsigned NOT NULL AUTO_INCREMENT,
                                            `migration` varchar(191) COLLATE utf8mb4_unicode_ci NOT NULL,
    `batch` int NOT NULL,
    PRIMARY KEY (`id`)
    ) ENGINE=InnoDB AUTO_INCREMENT=1 DEFAULT CHARSET=utf8mb4 COLLATE=utf8mb4_unicode_ci;

-- Data exporting was unselected.

-- Dumping structure for table harta_reciclarii.notifications
DROP TABLE IF EXISTS `notifications`;
CREATE TABLE IF NOT EXISTS `notifications` (
    `id` char(36) COLLATE utf8mb4_general_ci NOT NULL,
    `type` varchar(255) COLLATE utf8mb4_general_ci NOT NULL,
    `notifiable_type` varchar(255) COLLATE utf8mb4_general_ci NOT NULL,
    `notifiable_id` bigint unsigned NOT NULL,
    `data` text COLLATE utf8mb4_general_ci NOT NULL,
    `read_at` timestamp NULL DEFAULT NULL,
    `created_at` timestamp NULL DEFAULT NULL,
    `updated_at` timestamp NOT NULL DEFAULT CURRENT_TIMESTAMP ON UPDATE CURRENT_TIMESTAMP,
    PRIMARY KEY (`id`),
    KEY `notifications_notifiable_type_notifiable_id_index` (`notifiable_type`,`notifiable_id`)
    ) ENGINE=InnoDB DEFAULT CHARSET=utf8mb4 COLLATE=utf8mb4_general_ci;

-- Data exporting was unselected.

-- Dumping structure for table harta_reciclarii.password_resets
DROP TABLE IF EXISTS `password_resets`;
CREATE TABLE IF NOT EXISTS `password_resets` (
    `email` varchar(191) COLLATE utf8mb4_unicode_ci NOT NULL,
    `token` varchar(191) COLLATE utf8mb4_unicode_ci NOT NULL,
    `created_at` timestamp NULL DEFAULT NULL,
    KEY `email_idx` (`email`)
    ) ENGINE=InnoDB DEFAULT CHARSET=utf8mb4 COLLATE=utf8mb4_unicode_ci;

-- Data exporting was unselected.

-- Dumping structure for table harta_reciclarii.password_reset_tokens
DROP TABLE IF EXISTS `password_reset_tokens`;
CREATE TABLE IF NOT EXISTS `password_reset_tokens` (
    `email` varchar(255) COLLATE utf8mb4_general_ci NOT NULL,
    `token` varchar(255) COLLATE utf8mb4_general_ci NOT NULL,
    `created_at` timestamp NULL DEFAULT NULL,
    PRIMARY KEY (`email`)
    ) ENGINE=InnoDB DEFAULT CHARSET=utf8mb4 COLLATE=utf8mb4_general_ci;

-- Data exporting was unselected.

-- Dumping structure for table harta_reciclarii.personal_access_tokens
DROP TABLE IF EXISTS `personal_access_tokens`;
CREATE TABLE IF NOT EXISTS `personal_access_tokens` (
                                                        `id` bigint unsigned NOT NULL AUTO_INCREMENT,
                                                        `tokenable_type` varchar(255) COLLATE utf8mb4_general_ci NOT NULL,
    `tokenable_id` bigint unsigned NOT NULL,
    `name` varchar(255) COLLATE utf8mb4_general_ci NOT NULL,
    `token` varchar(64) COLLATE utf8mb4_general_ci NOT NULL,
    `abilities` text COLLATE utf8mb4_general_ci,
    `last_used_at` timestamp NULL DEFAULT NULL,
    `expires_at` timestamp NULL DEFAULT NULL,
    `created_at` timestamp NULL DEFAULT NULL,
    `updated_at` timestamp NOT NULL DEFAULT CURRENT_TIMESTAMP ON UPDATE CURRENT_TIMESTAMP,
    PRIMARY KEY (`id`),
    UNIQUE KEY `personal_access_tokens_token_unique` (`token`),
    KEY `personal_access_tokens_tokenable_type_tokenable_id_index` (`tokenable_type`,`tokenable_id`)
    ) ENGINE=InnoDB AUTO_INCREMENT=1 DEFAULT CHARSET=utf8mb4 COLLATE=utf8mb4_general_ci;

-- Data exporting was unselected.

-- Dumping structure for table harta_reciclarii.recycle_point_activity
DROP TABLE IF EXISTS `recycle_point_activity`;
CREATE TABLE IF NOT EXISTS `recycle_point_activity` (
                                                        `id` int NOT NULL AUTO_INCREMENT,
                                                        `recycle_point_id` int DEFAULT NULL,
                                                        `activity` text COLLATE utf8mb4_general_ci NOT NULL,
                                                        `id_user` int DEFAULT NULL,
                                                        `created_at` timestamp NULL DEFAULT NULL,
                                                        `updated_at` timestamp NOT NULL DEFAULT CURRENT_TIMESTAMP ON UPDATE CURRENT_TIMESTAMP,
                                                        PRIMARY KEY (`id`)
    ) ENGINE=InnoDB DEFAULT CHARSET=utf8mb4 COLLATE=utf8mb4_general_ci;

-- Data exporting was unselected.

-- Dumping structure for table harta_reciclarii.recycle_point_duplicates
DROP TABLE IF EXISTS `recycle_point_duplicates`;
CREATE TABLE IF NOT EXISTS `recycle_point_duplicates` (
                                                          `id` int NOT NULL AUTO_INCREMENT,
                                                          `recycle_point_1` int DEFAULT NULL,
                                                          `recycle_point_2` int DEFAULT NULL,
                                                          `distance` float DEFAULT NULL,
                                                          `point_type_id` int DEFAULT NULL,
                                                          `created_at` timestamp NULL DEFAULT NULL,
                                                          `updated_at` timestamp NOT NULL DEFAULT CURRENT_TIMESTAMP ON UPDATE CURRENT_TIMESTAMP,
                                                          PRIMARY KEY (`id`)
    ) ENGINE=InnoDB AUTO_INCREMENT=1 DEFAULT CHARSET=utf8mb4 COLLATE=utf8mb4_general_ci;

-- Data exporting was unselected.

-- Dumping structure for table harta_reciclarii.recycling_points
DROP TABLE IF EXISTS `recycling_points`;
CREATE TABLE IF NOT EXISTS `recycling_points` (
                                                  `id` int unsigned NOT NULL AUTO_INCREMENT,
                                                  `lat` varchar(20) COLLATE utf8mb4_unicode_ci NOT NULL,
    `lon` varchar(20) COLLATE utf8mb4_unicode_ci NOT NULL,
    `location` point NOT NULL,
    `rating_1` int NOT NULL DEFAULT '0',
    `rating_2` int NOT NULL DEFAULT '0',
    `rating_3` int NOT NULL DEFAULT '0',
    `rating_4` int NOT NULL DEFAULT '0',
    `rating_5` int NOT NULL DEFAULT '1',
    `point_type_id` int unsigned NOT NULL,
    `point_source` enum('import','user') COLLATE utf8mb4_unicode_ci NOT NULL,
    `group_id` int DEFAULT NULL,
    `status` int DEFAULT '0' COMMENT '0 - new, 1 - active',
    `service_id` int DEFAULT NULL,
    `created_by` int DEFAULT NULL,
    `created_at` timestamp NULL DEFAULT NULL,
    `updated_at` timestamp NOT NULL DEFAULT CURRENT_TIMESTAMP ON UPDATE CURRENT_TIMESTAMP,
    PRIMARY KEY (`id`),
    KEY `recycling_points_lat_index` (`lat`),
    KEY `recycling_points_lon_index` (`lon`),
    SPATIAL KEY `recycling_points_location_spatial` (`location`),
    KEY `point_type_idx` (`point_type_id`)
    ) ENGINE=InnoDB AUTO_INCREMENT=1 DEFAULT CHARSET=utf8mb4 COLLATE=utf8mb4_unicode_ci;

-- Dumping data for table harta_reciclarii.recycling_points
INSERT INTO `recycling_points` (`id`, `lat`, `lon`, `location`, `rating_1`, `rating_2`, `rating_3`, `rating_4`, `rating_5`, `point_type_id`, `point_source`, `group_id`, `status`, `service_id`, `created_by`, `created_at`, `updated_at`) VALUES
(1, '44.8665698', '24.8712159', _binary 0x0000000001010000005541560108df3840c3595bc2eb6e4640, 0, 0, 0, 0, 1, 2, 'import', NULL, 1, 1, NULL, '2019-05-13 16:31:35', '2019-05-13 16:31:35'),
(2, '47.15261990426601', '27.62719286140055', _binary 0x00000000010100000002001cb68fa03b4045c58c0c89934740, 0, 0, 0, 0, 1, 2, 'user', NULL, 1, 1, NULL, '2019-05-13 16:31:35', '2020-02-09 12:21:01'),
(3, '47.1614167', '27.5922531', _binary 0x00000000010100000062742fe69d973b409dc36b4da9944740, 0, 0, 0, 0, 1, 2, 'import', NULL, 1, 1, NULL, '2019-05-13 16:31:35', '2019-05-13 16:31:35'),
(4, '47.1553197', '27.6204429', _binary 0x00000000010100000010898c58d59e3b4057f61384e1934740, 0, 0, 0, 0, 1, 2, 'import', NULL, 1, 1, NULL, '2019-05-13 16:31:35', '2019-05-13 16:31:35'),
(5, '47.1578623', '27.5745516', _binary 0x0000000001010000004edd4bd015933b40bbe2f3d434944740, 0, 0, 0, 0, 1, 2, 'import', NULL, 1, 1, NULL, '2019-05-13 16:31:35', '2019-05-13 16:31:35'),
(6, '47.1756362', '27.5519276', _binary 0x00000000010100000080c28f204b8d3b40327f3b3f7b964740, 0, 0, 0, 0, 1, 2, 'import', NULL, 1, 1, NULL, '2019-05-13 16:31:35', '2019-05-13 16:31:35'),
(7, '47.1347987', '27.5766701', _binary 0x000000000101000000c014d4a6a0933b408b05741541914740, 0, 0, 0, 0, 1, 2, 'import', NULL, 1, 1, NULL, '2019-05-13 16:31:35', '2019-05-13 16:31:35'),
(8, '47.1373419', '27.6698091', _binary 0x0000000001010000002d10f39b78ab3b406d6f5c6b94914740, 0, 0, 0, 0, 1, 2, 'import', NULL, 1, 1, NULL, '2019-05-13 16:31:35', '2019-05-13 16:31:35'),
(9, '44.4297917', '26.0079208', _binary 0x0000000001010000004af5f81807023a40cfcb176a03374640, 0, 0, 0, 0, 1, 2, 'user', NULL, 1, 1, NULL, '2019-05-13 16:31:35', '2019-10-08 08:05:06'),
(10, '44.8291067', '24.8820045', _binary 0x000000000101000000c26c020ccbe138407eb2182b206a4640, 0, 0, 0, 0, 1, 2, 'import', NULL, 1, 1, NULL, '2019-05-13 16:31:35', '2019-05-13 16:31:35'),
(11, '45.1013878', '28.8500574', _binary 0x00000000010100000009b99c5c9dd93c40509b8246fa8c4640, 0, 0, 0, 0, 1, 2, 'import', NULL, 1, 1, NULL, '2019-05-13 16:31:35', '2019-05-13 16:31:35');

-- Dumping structure for table harta_reciclarii.recycling_points_groups
DROP TABLE IF EXISTS `recycling_points_groups`;
CREATE TABLE IF NOT EXISTS `recycling_points_groups` (
                                                         `id` int unsigned NOT NULL AUTO_INCREMENT,
                                                         `name` varchar(20) COLLATE utf8mb4_unicode_ci NOT NULL,
    `created_at` timestamp NULL DEFAULT NULL,
    `updated_at` timestamp NOT NULL DEFAULT CURRENT_TIMESTAMP ON UPDATE CURRENT_TIMESTAMP,
    PRIMARY KEY (`id`),
    KEY `recycling_points_lat_index` (`name`) USING BTREE
    ) ENGINE=InnoDB AUTO_INCREMENT=1 DEFAULT CHARSET=utf8mb4 COLLATE=utf8mb4_unicode_ci;

-- Data exporting was unselected.

-- Dumping structure for table harta_reciclarii.recycling_point_images
DROP TABLE IF EXISTS `recycling_point_images`;
CREATE TABLE IF NOT EXISTS `recycling_point_images` (
                                                        `id` int NOT NULL AUTO_INCREMENT,
                                                        `recycling_point_id` int NOT NULL DEFAULT '0',
                                                        `created_by` int NOT NULL DEFAULT '0',
                                                        `file` varchar(250) COLLATE utf8mb4_general_ci NOT NULL,
    `created_at` timestamp NULL DEFAULT NULL,
    `updated_at` timestamp NOT NULL DEFAULT CURRENT_TIMESTAMP ON UPDATE CURRENT_TIMESTAMP,
    PRIMARY KEY (`id`) USING BTREE
    ) ENGINE=InnoDB DEFAULT CHARSET=utf8mb4 COLLATE=utf8mb4_general_ci;

-- Data exporting was unselected.

-- Dumping structure for table harta_reciclarii.recycling_point_services
DROP TABLE IF EXISTS `recycling_point_services`;
CREATE TABLE IF NOT EXISTS `recycling_point_services` (
                                                          `id` int unsigned NOT NULL AUTO_INCREMENT,
                                                          `name` varchar(64) COLLATE utf8mb4_unicode_ci NOT NULL,
    `display_name` varchar(128) COLLATE utf8mb4_unicode_ci NOT NULL,
    `icon` varchar(128) COLLATE utf8mb4_unicode_ci DEFAULT NULL,
    `created_at` timestamp NULL DEFAULT NULL,
    `updated_at` timestamp NOT NULL DEFAULT CURRENT_TIMESTAMP ON UPDATE CURRENT_TIMESTAMP,
    PRIMARY KEY (`id`)
    ) ENGINE=InnoDB AUTO_INCREMENT=1 DEFAULT CHARSET=utf8mb4 COLLATE=utf8mb4_unicode_ci;

-- Dumping data for table harta_reciclarii.recycling_point_services: ~9 rows (approximately)
INSERT INTO `recycling_point_services` (`id`, `name`, `display_name`, `icon`, `created_at`, `updated_at`) VALUES
(1, 'colectare_separata', 'Colectare separată deșeuri', NULL, NULL, NULL),
(2, 'reparatii', 'Reparații', NULL, NULL, NULL),
(3, 'reutilizare', 'Reutilizare', NULL, NULL, NULL),
(4, 'reducere', 'Reducere', NULL, NULL, NULL),
(5, 'upcycling', 'Upcycling', NULL, NULL, NULL),
(6, 'imprumut', 'Împrumut', NULL, NULL, NULL),
(7, 'donatii', 'Donații', NULL, NULL, NULL),
(8, 'targuri_troc', 'Târguri și troc', NULL, NULL, NULL),
(9, 'altele', 'Altele', NULL, NULL, NULL);

-- Dumping structure for table harta_reciclarii.recycling_point_types
DROP TABLE IF EXISTS `recycling_point_types`;
CREATE TABLE IF NOT EXISTS `recycling_point_types` (
                                                       `id` int unsigned NOT NULL AUTO_INCREMENT,
                                                       `service_id` int unsigned NOT NULL DEFAULT '0',
                                                       `type_name` varchar(64) COLLATE utf8mb4_unicode_ci NOT NULL,
    `display_name` varchar(128) COLLATE utf8mb4_unicode_ci NOT NULL,
    `icon` varchar(128) COLLATE utf8mb4_unicode_ci DEFAULT NULL,
    `created_at` timestamp NULL DEFAULT NULL,
    `updated_at` timestamp NOT NULL DEFAULT CURRENT_TIMESTAMP ON UPDATE CURRENT_TIMESTAMP,
    PRIMARY KEY (`id`)
    ) ENGINE=InnoDB AUTO_INCREMENT=1 DEFAULT CHARSET=utf8mb4 COLLATE=utf8mb4_unicode_ci;

-- Dumping data for table harta_reciclarii.recycling_point_types: ~39 rows (approximately)
INSERT INTO `recycling_point_types` (`id`, `service_id`, `type_name`, `display_name`, `icon`, `created_at`, `updated_at`) VALUES
(1, 1, 'colectare_separata_recipient_stradal', 'Container stradal', '/assets/map_icons/point_type/punct_pubela_03.svg', NULL, NULL),
(2, 1, 'colectare_separata_centru_colectare', 'Centru de colectare', '/assets/map_icons/point_type/punct_colector_02.svg', NULL, NULL),
(3, 1, 'colectare_separata_magazin', 'Punct magazin', '/assets/map_icons/point_type/punct_mag_01.svg', NULL, NULL),
(4, 0, 'benzinarie', 'Benzinarie', '/assets/map_icons/point_type/punct_benzinarie.svg', NULL, NULL),
(5, 0, 'industrial', 'Reutilizator', '/assets/map_icons/point_type/punct_reutilizator_04.svg', NULL, NULL),
(6, 1, 'colectare_separata_recuperare_garantie', 'Punct recuperare garanție', NULL, NULL, NULL),
(7, 1, 'colectare_separata_centru_aport_voluntar', 'Centru de aport voluntar', NULL, NULL, NULL),
(8, 2, 'reparatii_croitorie', 'Croitorie', NULL, NULL, NULL),
(9, 2, 'reparatii_incaltaminte', 'Reparații încălțăminte', NULL, NULL, NULL),
(10, 2, 'reparatii_ceasornicarie', 'Ceasornicărie', NULL, NULL, NULL),
(11, 2, 'reparatii_bijuterii_bijutieri', 'Reparații bijuterii & bijutieri', NULL, NULL, NULL),
(12, 2, 'reparatii_electronice', 'Reparații electronice', NULL, NULL, NULL),
(13, 2, 'reparatii_electrocasnice', 'Reparații electrocasnice', NULL, NULL, NULL),
(14, 2, 'reparatii_it', 'Reparații IT', NULL, NULL, NULL),
(15, 2, 'reparatii_telefoane', 'Reparații telefoane', NULL, NULL, NULL),
(16, 2, 'reparatii_mobila', 'Reparații mobilă', NULL, NULL, NULL),
(17, 2, 'reparatii_biciclete', 'Reparații biciclete', NULL, NULL, NULL),
(18, 2, 'reparatii_altele', 'Reparații altele', NULL, NULL, NULL),
(19, 3, 'reutilizare_sh', 'Magazin haine second-hand', NULL, NULL, NULL),
(20, 3, 'reutilizare_sh_electronice', 'Magazin electronice second-hand', NULL, NULL, NULL),
(21, 3, 'reutilizare_vintage_antichitati', 'Magazin vintage & antichități', NULL, NULL, NULL),
(22, 3, 'reutilizare_anticariat', 'Anticariat', NULL, NULL, NULL),
(23, 3, 'reutilizare_consignatie', 'Consignație', NULL, NULL, NULL),
(24, 3, 'reutilizare_ambalaje_returnabile', 'Magazine cu ambalaje returnabile', NULL, NULL, NULL),
(25, 3, 'reutilizare_altele', 'Alte servicii de reutilizare', NULL, NULL, NULL),
(26, 4, 'reducere_zero_waste', 'Magazin zero waste', NULL, NULL, NULL),
(27, 4, 'reducere_apa_gratuit', 'Locație cu apă gratuită', NULL, NULL, NULL),
(28, 4, 'reducere_vanzare_vrac', 'Magazine cu vânzare vrac', NULL, NULL, NULL),
(29, 4, 'reducere_ambalaje_proprii', 'Magazine care acceptă ambalaje proprii', NULL, NULL, NULL),
(30, 4, 'reducere_altele', 'Alte servicii de reducere', NULL, NULL, NULL),
(31, 6, 'inchiriere_transport_verde', 'Închiriere transport verde', NULL, NULL, NULL),
(32, 6, 'inchiriere_echipament_sportiv', 'Închiriere echipament sportiv', NULL, NULL, NULL),
(33, 6, 'inchiriere_obiecte_eveniment', 'Închiriere obiecte pentru evenimente', NULL, NULL, NULL),
(34, 6, 'inchiriere_itc', 'Închiriere echipamente IT&C', NULL, NULL, NULL),
(35, 6, 'inchiriere_altele', 'Alte servicii de închiriere', NULL, NULL, NULL),
(36, 5, 'upcyling_centre', 'Centre de upcycling', NULL, NULL, NULL),
(37, 7, 'donatii_centre', 'Centre de donații', NULL, NULL, NULL),
(38, 8, 'targuri_troc_targuri', 'Târguri', NULL, NULL, NULL),
(39, 9, 'altele_altele', 'Altele', NULL, NULL, NULL);


-- Dumping structure for table harta_reciclarii.reported_point_issues
DROP TABLE IF EXISTS `reported_point_issues`;
CREATE TABLE `reported_point_issues` (
                                         `id` INT(10) NOT NULL AUTO_INCREMENT,
                                         `point_id` INT(10) NOT NULL,
                                         `latitude` FLOAT(10,8) NOT NULL DEFAULT '0.00000000',
	`longitude` FLOAT(10,8) NOT NULL DEFAULT '0.00000000',
	`reporter_id` INT(10) NULL DEFAULT NULL,
	`status` INT(10) NULL DEFAULT NULL,
	`reported_point_issue_type_id` INT(10) NULL DEFAULT NULL,
	`material_issue` JSON NULL DEFAULT NULL,
	`material_issue_missing` JSON NULL DEFAULT NULL,
	`material_issue_extra` JSON NULL DEFAULT NULL,
	`collection_decline_reason` JSON NULL DEFAULT NULL,
	`description` TEXT NULL DEFAULT NULL COLLATE 'utf8mb4_general_ci',
	`created_at` timestamp NULL DEFAULT NULL,
    `updated_at` timestamp NOT NULL DEFAULT CURRENT_TIMESTAMP ON UPDATE CURRENT_TIMESTAMP,
	PRIMARY KEY (`id`) USING BTREE,
	INDEX `reported_point_issue_type_id` (`reported_point_issue_type_id`) USING BTREE,
	CONSTRAINT `reported_point_issues_chk_4` CHECK (json_valid(`collection_decline_reason`)),
	CONSTRAINT `reported_point_issues_chk_3` CHECK (json_valid(`material_issue_extra`)),
	CONSTRAINT `reported_point_issues_chk_2` CHECK (json_valid(`material_issue_missing`)),
	CONSTRAINT `reported_point_issues_chk_1` CHECK (json_valid(`material_issue`))
)
    COLLATE='utf8mb4_general_ci' ENGINE=InnoDB;

DROP TABLE IF EXISTS `reported_point_issue_images`;
CREATE TABLE `reported_point_issue_images` (
   `id` INT(10) NOT NULL AUTO_INCREMENT,
   `reported_point_issue_id` INT(10) NOT NULL,
   `title` VARCHAR(250) NOT NULL DEFAULT '0' COLLATE 'utf8mb4_general_ci',
   `file` VARCHAR(250) NOT NULL DEFAULT '0' COLLATE 'utf8mb4_general_ci',
   `created_at` datetime NOT NULL,
   `updated_at` timestamp NOT NULL DEFAULT CURRENT_TIMESTAMP ON UPDATE CURRENT_TIMESTAMP,
   PRIMARY KEY (`id`) USING BTREE,
   INDEX `reported_point_issue_id` (`reported_point_issue_id`) USING BTREE
)
    COLLATE='utf8mb4_general_ci' ENGINE=InnoDB;

-- Dumping structure for table harta_reciclarii.reported_point_issue_types
DROP TABLE IF EXISTS `reported_point_issue_types`;
CREATE TABLE IF NOT EXISTS `reported_point_issue_types` (
    `id` int NOT NULL AUTO_INCREMENT,
    `accept_images` tinyint NOT NULL DEFAULT '0',
    `title` varchar(250) COLLATE utf8mb4_general_ci NOT NULL,
    `created_at` timestamp NOT NULL,
    `updated_at` timestamp NOT NULL DEFAULT CURRENT_TIMESTAMP ON UPDATE CURRENT_TIMESTAMP,
    PRIMARY KEY (`id`)
    ) ENGINE=InnoDB AUTO_INCREMENT=8 DEFAULT CHARSET=utf8mb4 COLLATE=utf8mb4_general_ci;

-- Dumping data for table harta_reciclarii.reported_point_issue_types: ~7 rows (approximately)
INSERT INTO `reported_point_issue_types` (`id`, `accept_images`, `title`, `created_at`, `updated_at`) VALUES
  (1, 0, 'Adresa nu este corectă', '2023-10-27 00:19:10', '2023-10-27 00:19:43'),
  (2, 0, 'Locația punctului pe hartă nu este corectă', '2023-10-27 00:19:19', '2023-10-27 00:19:43'),
  (3, 1, 'Materialele colectate nu sunt corecte', '2023-10-27 00:19:28', '2023-10-27 00:19:43'),
  (4, 0, 'Programul nu este corect', '2023-10-27 00:19:36', '2023-10-27 00:19:43'),
  (5, 1, 'Containerul nu funcționează sau nu este bine întreținut', '2023-10-27 00:19:43', '2023-10-27 00:19:43'),
  (6, 0, 'Mi s-a refuzat preluarea deșeului', '2023-10-27 00:19:49', '2023-10-27 00:19:43'),
  (7, 1, 'Altă problemă', '2023-10-27 00:19:55', '2023-10-27 00:19:43');

-- Dumping structure for table harta_reciclarii.reported_point_issue_type_items
DROP TABLE IF EXISTS `reported_point_issue_type_items`;
CREATE TABLE IF NOT EXISTS `reported_point_issue_type_items` (
     `id` int NOT NULL AUTO_INCREMENT,
     `reported_point_issue_type_id` int NOT NULL DEFAULT '0',
     `title` varchar(250) COLLATE utf8mb4_general_ci NOT NULL,
    `created_at` timestamp NOT NULL,
    `updated_at` timestamp NOT NULL DEFAULT CURRENT_TIMESTAMP ON UPDATE CURRENT_TIMESTAMP,
    PRIMARY KEY (`id`),
    KEY `reported_point_issue_type_id` (`reported_point_issue_type_id`)
    ) ENGINE=InnoDB AUTO_INCREMENT=7 DEFAULT CHARSET=utf8mb4 COLLATE=utf8mb4_general_ci;

-- Dumping data for table harta_reciclarii.reported_point_issue_type_items: ~0 rows (approximately)
INSERT INTO `reported_point_issue_type_items` (`id`, `reported_point_issue_type_id`, `title`, `created_at`, `updated_at`) VALUES
  (1, 3, 'Unele materiale listate în descriere nu se colectează în realitate', '2023-10-27 00:33:02', '2023-10-27 00:33:04'),
  (2, 3, 'Lipsesc materiale colectate din descriere', '2023-10-27 00:33:15', '2023-10-27 00:33:18'),
  (3, 3, 'Altă problemă', '2023-10-27 00:33:31', '2023-10-27 00:33:32'),
  (4, 6, 'Susțin că nu preiau tipul de deșeu pe care am vrut să îl predau', '2023-10-27 00:33:32', '2023-10-27 00:33:32'),
  (5, 6, 'Cantitatea sau modul de prezentare/ împachetare al deșeului a fost cosiderat neadecvat', '2023-10-27 00:34:00', '2023-10-27 00:34:02'),
  (6, 6, 'Altă problemă', '2023-10-27 00:34:16', '2023-10-27 00:34:17');


-- Dumping structure for table harta_reciclarii.reports
DROP TABLE IF EXISTS `reports`;
CREATE TABLE IF NOT EXISTS `reports` (
                                         `id` int NOT NULL AUTO_INCREMENT,
                                         `title` varchar(255) COLLATE utf8mb4_general_ci DEFAULT NULL,
    `form_data` longtext CHARACTER SET utf8mb3 COLLATE utf8mb3_general_ci,
    `results` longtext COLLATE utf8mb4_general_ci,
    `created_at` timestamp NOT NULL,
    `updated_at` timestamp NOT NULL DEFAULT CURRENT_TIMESTAMP ON UPDATE CURRENT_TIMESTAMP,
    PRIMARY KEY (`id`)
    ) ENGINE=InnoDB AUTO_INCREMENT=1 DEFAULT CHARSET=utf8mb4 COLLATE=utf8mb4_general_ci;

-- Data exporting was unselected.

-- Dumping structure for table harta_reciclarii.users
DROP TABLE IF EXISTS `users`;
CREATE TABLE IF NOT EXISTS `users` (
                                       `id` int unsigned NOT NULL AUTO_INCREMENT,
                                       `firstname` varchar(191) COLLATE utf8mb4_unicode_ci NOT NULL,
    `lastname` varchar(191) COLLATE utf8mb4_unicode_ci NOT NULL,
    `email` varchar(191) COLLATE utf8mb4_unicode_ci DEFAULT NULL,
    `password` varchar(191) COLLATE utf8mb4_unicode_ci NOT NULL DEFAULT '#####',
    `accept_terms` tinyint(1) NOT NULL DEFAULT '0',
    `send_newsletter` tinyint(1) NOT NULL DEFAULT '0',
    `remember_token` varchar(100) COLLATE utf8mb4_unicode_ci DEFAULT NULL,
    `email_confirmed` int unsigned NOT NULL DEFAULT '1',
    `last_login_ip` int unsigned NOT NULL DEFAULT '1',
    `last_login_date` timestamp NULL DEFAULT NULL,
    `created_at` timestamp NULL DEFAULT NULL,
    `updated_at` timestamp NOT NULL DEFAULT CURRENT_TIMESTAMP ON UPDATE CURRENT_TIMESTAMP,
    PRIMARY KEY (`id`),
    UNIQUE KEY `users_hr_email_unique` (`email`)
    ) ENGINE=InnoDB AUTO_INCREMENT=1 DEFAULT CHARSET=utf8mb4 COLLATE=utf8mb4_unicode_ci;



-- Dumping structure for view harta_reciclarii.judete_geo_point_count
-- Removing temporary table and create final VIEW structure
/*
DROP VIEW IF EXISTS `judete_geo_point_count`;
CREATE ALGORITHM=UNDEFINED SQL SECURITY DEFINER VIEW `harta_reciclarii`.`judete_geo_point_count` AS select `harta_reciclarii`.`judete_geo`.`id` AS `id`,`harta_reciclarii`.`judete_geo`.`name` AS `name`,count(`harta_reciclarii`.`judete_geo`.`id`) AS `count_by_name` from (`harta_reciclarii`.`judete_geo` left join `harta_reciclarii`.`recycling_points` on((st_contains(`harta_reciclarii`.`judete_geo`.`pol`,`harta_reciclarii`.`recycling_points`.`location`) = 1))) group by `harta_reciclarii`.`judete_geo`.`id`,`harta_reciclarii`.`judete_geo`.`name`;
DROP TABLE IF EXISTS `judete_geo_point_count`;
*/

